	WordPiece	surprisal	window
0	he	15.317025769834489	1L/0R
1	she	17.531979108450336	1L/0R
2	##wed	22.32782481667855	1L/0R
3	me	17.416059552823096	1L/0R
4	a	18.643338217281013	1L/0R
5	pure	26.586091277364794	1L/0R
6	river	23.697686700762194	1L/0R
7	of	16.317319856627638	1L/0R
8	water	17.846739298566717	1L/0R
9	of	16.77692526374107	1L/0R
10	life	16.70350033015239	1L/0R
11	clear	23.59950175204998	1L/0R
12	as	17.08607191435459	1L/0R
13	crystal	26.00965345040452	1L/0R
14	proceeding	26.04145126696672	1L/0R
15	out	20.717334741057588	1L/0R
16	of	14.254815216260184	1L/0R
17	the	10.795313045533101	1L/0R
18	throne	22.544038470750166	1L/0R
19	of	13.802263020476571	1L/0R
20	God	17.044711314418855	1L/0R
21	and	15.880250978621431	1L/0R
22	of	16.938276794639727	1L/0R
23	the	10.795313045533101	1L/0R
24	Lamb	25.21989301399721	1L/0R
25	.	0.3049788494037932	1L/0R
26	In	19.260647782750713	1L/0R
27	the	19.27324123988275	1L/0R
28	midst	18.920157668814497	1L/0R
29	of	15.777753279894894	1L/0R
30	the	10.795313045533101	1L/0R
31	street	18.044972287695273	1L/0R
32	of	15.013971196783297	1L/0R
33	it	13.20483675122653	1L/0R
34	and	14.20475974495834	1L/0R
35	on	19.759277949230146	1L/0R
36	either	21.15048036035716	1L/0R
37	side	19.453742196636988	1L/0R
38	of	15.079528833891658	1L/0R
39	the	10.795313045533101	1L/0R
40	river	20.519977419759694	1L/0R
41	was	20.2434553842731	1L/0R
42	there	13.339497525851463	1L/0R
43	the	19.62096344891116	1L/0R
44	tree	20.60882224032291	1L/0R
45	of	16.30860182172891	1L/0R
46	life	16.70350033015239	1L/0R
47	which	19.960769838064948	1L/0R
48	bare	21.15110709370694	1L/0R
49	twelve	23.77143111414579	1L/0R
50	manner	26.090124948419675	1L/0R
51	of	12.490573513778868	1L/0R
52	fruits	19.98912449597509	1L/0R
53	and	15.932528382480163	1L/0R
54	yielded	24.06655048135824	1L/0R
55	her	17.991548979617157	1L/0R
56	fruit	26.518506145793296	1L/0R
57	every	24.631781977806696	1L/0R
58	month	14.993227251103335	1L/0R
59	and	13.129430397481059	1L/0R
60	the	16.871478703630824	1L/0R
61	leaves	17.040032194113902	1L/0R
62	of	15.156028550253223	1L/0R
63	the	10.795313045533101	1L/0R
64	tree	20.60882224032291	1L/0R
65	were	22.930982336901916	1L/0R
66	for	15.571400603038475	1L/0R
67	the	13.419997856144535	1L/0R
68	healing	23.540168811558914	1L/0R
69	of	16.58485759511833	1L/0R
70	the	10.795313045533101	1L/0R
71	nations	24.558607411172247	1L/0R
72	.	1.4907994613100288	1L/0R
73	And	18.04693873328205	1L/0R
74	there	13.720580985194763	1L/0R
75	shall	23.111534411516942	1L/0R
76	be	12.351718240650708	1L/0R
77	no	19.84942682517376	1L/0R
78	more	18.478575561443044	1L/0R
79	curse	24.890381012280827	1L/0R
80	but	18.799405018808596	1L/0R
81	the	14.894565724595742	1L/0R
82	throne	22.544038470750166	1L/0R
83	of	13.802263020476571	1L/0R
84	God	17.044711314418855	1L/0R
85	and	15.880250978621431	1L/0R
86	of	16.938276794639727	1L/0R
87	the	10.795313045533101	1L/0R
88	Lamb	25.21989301399721	1L/0R
89	shall	26.296824173400047	1L/0R
90	be	12.351718240650708	1L/0R
91	in	14.998645069197915	1L/0R
92	it	19.36279915389224	1L/0R
93	and	14.20475974495834	1L/0R
94	his	20.992231343804725	1L/0R
95	servants	25.533834770322233	1L/0R
96	shall	21.616847475699313	1L/0R
97	serve	16.420223141619363	1L/0R
98	him	19.006288126870206	1L/0R
99	.	0.5871950141578951	1L/0R
100	And	18.04693873328205	1L/0R
101	they	16.01671444598669	1L/0R
102	shall	15.318417023901263	1L/0R
103	see	12.466467196702883	1L/0R
104	his	20.0956603035469	1L/0R
105	face	16.53211712782785	1L/0R
106	and	12.60879457048023	1L/0R
107	his	20.992231343804725	1L/0R
108	name	17.139284677638443	1L/0R
109	shall	20.395254385862692	1L/0R
110	be	12.351718240650708	1L/0R
111	in	14.998645069197915	1L/0R
112	their	21.914456223204432	1L/0R
113	forehead	17.034357314915162	1L/0R
114	##s	18.21776130393787	1L/0R
115	.	0.05513989243897332	1L/0R
116	And	18.04693873328205	1L/0R
117	there	13.720580985194763	1L/0R
118	shall	23.111534411516942	1L/0R
119	be	12.351718240650708	1L/0R
120	no	19.84942682517376	1L/0R
121	night	24.818688479103724	1L/0R
122	there	18.602969638313436	1L/0R
123	and	16.20997104297104	1L/0R
124	they	19.310569701320514	1L/0R
125	need	13.861407736672643	1L/0R
126	no	20.22319501526858	1L/0R
127	candle	29.483545875742088	1L/0R
128	neither	24.276226166160523	1L/0R
129	light	20.19763618635533	1L/0R
130	of	15.538723031241068	1L/0R
131	the	10.795313045533101	1L/0R
132	sun	20.73599444843427	1L/0R
133	for	18.29450544920881	1L/0R
134	the	13.419997856144535	1L/0R
135	Lord	21.615916777560447	1L/0R
136	God	10.98461166216675	1L/0R
137	give	22.613146168334605	1L/0R
138	##th	17.486826619294494	1L/0R
139	them	24.104220055990183	1L/0R
140	light	21.693018824127915	1L/0R
141	and	14.360205782169235	1L/0R
142	they	19.310569701320514	1L/0R
143	shall	15.318417023901263	1L/0R
144	reign	18.346452288633543	1L/0R
145	for	26.620322593840122	1L/0R
146	ever	19.31964820346425	1L/0R
147	and	9.019694522109708	1L/0R
148	ever	24.53251882691274	1L/0R
149	.	0.5416075307251214	1L/0R
150	And	18.04693873328205	1L/0R
151	he	15.317025769834489	1L/0R
152	said	12.672490938720687	1L/0R
153	unto	21.717180784346894	1L/0R
154	me	14.087931161518783	1L/0R
155	These	24.8250468957511	1L/0R
156	saying	19.01445994821595	1L/0R
157	##s	17.226967771634673	1L/0R
158	are	23.13664249162699	1L/0R
159	faithful	23.835261676510218	1L/0R
160	and	12.034715250435276	1L/0R
161	true	20.548322020009607	1L/0R
162	and	13.253960680632652	1L/0R
163	the	16.871478703630824	1L/0R
164	Lord	21.615916777560447	1L/0R
165	God	10.98461166216675	1L/0R
166	of	18.68521514537548	1L/0R
167	the	10.795313045533101	1L/0R
168	holy	24.558282711853526	1L/0R
169	prophet	23.601369153477084	1L/0R
170	##s	12.03866927765155	1L/0R
171	sent	28.88393958823706	1L/0R
172	his	18.01202226739689	1L/0R
173	angel	22.843745454085223	1L/0R
174	to	16.63465766491695	1L/0R
175	she	19.49029662527637	1L/0R
176	##w	15.723133708111758	1L/0R
177	unto	24.79530230072645	1L/0R
178	his	15.481975672078345	1L/0R
179	servants	25.533834770322233	1L/0R
180	the	19.600957734273226	1L/0R
181	things	21.298535946499097	1L/0R
182	which	18.10709203937765	1L/0R
183	must	14.611996382976617	1L/0R
184	shortly	21.989693009218854	1L/0R
185	be	18.27847864669242	1L/0R
186	done	20.945721278459114	1L/0R
187	.	0.43739375368627453	1L/0R
188	Be	20.544996437368855	1L/0R
189	##hold	10.3983895782796	1L/0R
190	I	17.618936348927594	1L/0R
191	come	21.465241654142098	1L/0R
192	quickly	22.644685201561053	1L/0R
193	blessed	24.1231046534112	1L/0R
194	is	16.36905614819505	1L/0R
195	he	17.38614198116196	1L/0R
196	that	16.003362909566814	1L/0R
197	keep	20.369568774012293	1L/0R
198	##eth	21.93931660055585	1L/0R
199	the	10.341093289116564	1L/0R
200	saying	19.5901291138233	1L/0R
201	##s	17.226967771634673	1L/0R
202	of	20.4355736922152	1L/0R
203	the	10.795313045533101	1L/0R
204	prophecy	23.599362475052864	1L/0R
205	of	15.886692929979358	1L/0R
206	this	14.298133267253103	1L/0R
207	book	17.442345826780997	1L/0R
208	.	0.6566192071893451	1L/0R
209	And	18.04693873328205	1L/0R
210	I	12.906054765616336	1L/0R
211	John	21.27781200966768	1L/0R
212	saw	22.072712481595644	1L/0R
213	these	18.716829813160718	1L/0R
214	things	17.43016455179728	1L/0R
215	and	15.138129426976484	1L/0R
216	heard	24.392629610439553	1L/0R
217	them	15.106274829750568	1L/0R
218	And	21.27140682829338	1L/0R
219	when	14.158084242384966	1L/0R
220	I	17.771707975224995	1L/0R
221	had	13.488434445332553	1L/0R
222	heard	18.218848631921006	1L/0R
223	and	11.166997024811257	1L/0R
224	seen	23.446656166479723	1L/0R
225	I	16.183758593073296	1L/0R
226	fell	19.283871437088486	1L/0R
227	down	18.334570500177445	1L/0R
228	to	18.369954001929305	1L/0R
229	worship	23.82798779891451	1L/0R
230	before	21.6974763960738	1L/0R
231	the	12.510843051915915	1L/0R
232	feet	18.2130943816464	1L/0R
233	of	17.324293052347976	1L/0R
234	the	10.795313045533101	1L/0R
235	angel	22.302867830700567	1L/0R
236	which	19.196690075236397	1L/0R
237	she	13.87855501475812	1L/0R
238	##wed	22.32782481667855	1L/0R
239	me	17.416059552823096	1L/0R
240	these	23.6519297080393	1L/0R
241	things	17.43016455179728	1L/0R
242	.	0.42549250940791195	1L/0R
243	Then	21.26304186990015	1L/0R
244	sa	24.095420867443618	1L/0R
245	##ith	23.273587342416242	1L/0R
246	he	18.762507006649606	1L/0R
247	unto	21.311050115844147	1L/0R
248	me	14.087931161518783	1L/0R
249	See	26.053195612569745	1L/0R
250	thou	30.029445475557278	1L/0R
251	do	15.212609625811822	1L/0R
252	it	12.82304408053293	1L/0R
253	not	18.742184894277624	1L/0R
254	for	16.69923452655206	1L/0R
255	I	15.354886820835247	1L/0R
256	am	15.144243541420947	1L/0R
257	thy	31.134370266050535	1L/0R
258	fellows	15.11936028893574	1L/0R
259	##er	18.31145022781694	1L/0R
260	##vant	27.61613371102393	1L/0R
261	and	14.738569162686144	1L/0R
262	of	16.938276794639727	1L/0R
263	thy	22.344541011066696	1L/0R
264	br	16.26434636990553	1L/0R
265	##eth	27.069771144027914	1L/0R
266	##ren	18.416772356384403	1L/0R
267	the	17.402737371592824	1L/0R
268	prophet	24.37977010469214	1L/0R
269	##s	12.03866927765155	1L/0R
270	and	18.063814717334346	1L/0R
271	of	16.938276794639727	1L/0R
272	them	13.307005405659828	1L/0R
273	which	18.493939321269	1L/0R
274	keep	17.22778914252309	1L/0R
275	the	15.346148159151179	1L/0R
276	saying	19.5901291138233	1L/0R
277	##s	17.226967771634673	1L/0R
278	of	20.4355736922152	1L/0R
279	this	14.298133267253103	1L/0R
280	book	17.442345826780997	1L/0R
281	worship	23.69758489161402	1L/0R
282	God	21.44010505860739	1L/0R
283	.	1.4450412939858306	1L/0R
284	And	18.04693873328205	1L/0R
285	he	15.317025769834489	1L/0R
286	sa	20.888461211484728	1L/0R
287	##ith	23.273587342416242	1L/0R
288	unto	19.61659364931433	1L/0R
289	me	14.087931161518783	1L/0R
290	Seal	28.465732387524465	1L/0R
291	not	22.40458428984881	1L/0R
292	the	16.636149848527545	1L/0R
293	saying	19.5901291138233	1L/0R
294	##s	17.226967771634673	1L/0R
295	of	20.4355736922152	1L/0R
296	the	10.795313045533101	1L/0R
297	prophecy	23.599362475052864	1L/0R
298	of	15.886692929979358	1L/0R
299	this	14.298133267253103	1L/0R
300	book	17.442345826780997	1L/0R
301	for	17.87910767270086	1L/0R
302	the	13.419997856144535	1L/0R
303	time	19.098359048950968	1L/0R
304	is	15.825021454928573	1L/0R
305	at	17.534404700448558	1L/0R
306	hand	19.7804191863885	1L/0R
307	.	0.6807490617140712	1L/0R
308	He	18.195560621870975	1L/0R
309	that	16.631339550166775	1L/0R
310	is	8.964661895017	1L/0R
311	un	18.87326906360758	1L/0R
312	##ju	19.576781351852095	1L/0R
313	##st	10.863716317535717	1L/0R
314	let	26.01405559618356	1L/0R
315	him	10.92256293292206	1L/0R
316	be	21.22466591626155	1L/0R
317	un	18.663124922454017	1L/0R
318	##ju	19.576781351852095	1L/0R
319	##st	10.863716317535717	1L/0R
320	still	26.305551137758826	1L/0R
321	and	14.90108410158184	1L/0R
322	he	19.6669273829159	1L/0R
323	which	17.41634056952345	1L/0R
324	is	7.144061183848355	1L/0R
325	filthy	27.31655514144305	1L/0R
326	let	24.540613160085993	1L/0R
327	him	10.92256293292206	1L/0R
328	be	21.22466591626155	1L/0R
329	filthy	25.235143388832885	1L/0R
330	still	22.94631602110221	1L/0R
331	and	14.90108410158184	1L/0R
332	he	19.6669273829159	1L/0R
333	that	16.003362909566814	1L/0R
334	is	8.964661895017	1L/0R
335	right	18.363606044779065	1L/0R
336	##eous	18.882299200281935	1L/0R
337	let	23.13121370367008	1L/0R
338	him	10.92256293292206	1L/0R
339	be	21.22466591626155	1L/0R
340	right	17.87849873300951	1L/0R
341	##eous	18.882299200281935	1L/0R
342	still	22.740259896528958	1L/0R
343	and	14.90108410158184	1L/0R
344	he	19.6669273829159	1L/0R
345	that	16.003362909566814	1L/0R
346	is	8.964661895017	1L/0R
347	holy	26.34127858516488	1L/0R
348	let	19.995534166286046	1L/0R
349	him	10.92256293292206	1L/0R
350	be	21.22466591626155	1L/0R
351	holy	24.872694703674657	1L/0R
352	still	20.155422948319856	1L/0R
353	.	0.22565871290183617	1L/0R
354	And	18.04693873328205	1L/0R
355	be	20.024581616039633	1L/0R
356	##hold	13.490271983325211	1L/0R
357	I	17.618936348927594	1L/0R
358	come	21.465241654142098	1L/0R
359	quickly	22.644685201561053	1L/0R
360	and	14.32447706442955	1L/0R
361	my	22.771135815077535	1L/0R
362	reward	23.426728424562658	1L/0R
363	is	14.20810254511814	1L/0R
364	with	15.575747965733791	1L/0R
365	me	17.9286049078838	1L/0R
366	to	16.775777174214365	1L/0R
367	give	16.112704441996094	1L/0R
368	every	19.368436575094293	1L/0R
369	man	18.548884619835537	1L/0R
370	according	22.290935439772205	1L/0R
371	as	16.78877501837886	1L/0R
372	his	23.141178266590547	1L/0R
373	work	20.849294514295487	1L/0R
374	shall	18.379825825135768	1L/0R
375	be	12.351718240650708	1L/0R
376	.	0.3835925000207382	1L/0R
377	I	14.906188679462865	1L/0R
378	am	15.144243541420947	1L/0R
379	Alpha	34.311087988356114	1L/0R
380	and	15.191313465921054	1L/0R
381	Omega	28.48227247023185	1L/0R
382	the	18.264041612570118	1L/0R
383	beginning	16.62995958422044	1L/0R
384	and	13.168237473864693	1L/0R
385	the	16.871478703630824	1L/0R
386	end	16.01180437935355	1L/0R
387	the	18.668842494428272	1L/0R
388	first	16.134194059552676	1L/0R
389	and	14.638872639837343	1L/0R
390	the	16.871478703630824	1L/0R
391	last	15.774504077139948	1L/0R
392	.	0.5641755078027842	1L/0R
393	Blessed	25.400724222899573	1L/0R
394	are	19.23424812670509	1L/0R
395	they	15.047308601223401	1L/0R
396	that	14.6684246363145	1L/0R
397	do	17.744329390409955	1L/0R
398	his	19.094623829750223	1L/0R
399	command	23.83401610416796	1L/0R
400	##ments	21.952545877375282	1L/0R
401	that	18.746830143227566	1L/0R
402	they	16.44269722562071	1L/0R
403	may	14.697174520187932	1L/0R
404	have	13.82357876532505	1L/0R
405	right	20.632451805761512	1L/0R
406	to	17.697554768640707	1L/0R
407	the	13.512790470649065	1L/0R
408	tree	20.60882224032291	1L/0R
409	of	16.30860182172891	1L/0R
410	life	16.70350033015239	1L/0R
411	and	13.276972399926493	1L/0R
412	may	22.06136620836263	1L/0R
413	enter	19.631469959629392	1L/0R
414	in	19.674116640253402	1L/0R
415	through	22.722048188640336	1L/0R
416	the	13.863450638761416	1L/0R
417	gates	19.11944697448272	1L/0R
418	into	19.954094392768422	1L/0R
419	the	11.438346011106042	1L/0R
420	city	18.660638459567593	1L/0R
421	.	0.9057373540448379	1L/0R
422	For	19.79882835268038	1L/0R
423	without	18.821742888883655	1L/0R
424	are	17.188855532394083	1L/0R
425	dogs	24.32475458051479	1L/0R
426	and	13.988006049698713	1L/0R
427	so	19.534627404194453	1L/0R
428	##rcerer	24.959618463739535	1L/0R
429	##s	14.646901511377548	1L/0R
430	and	18.063814717334346	1L/0R
431	whore	29.438581289296977	1L/0R
432	##mon	24.487551999027797	1L/0R
433	##gers	23.524720891187755	1L/0R
434	and	15.100386771860206	1L/0R
435	murderer	27.310635716836806	1L/0R
436	##s	16.09539615431402	1L/0R
437	and	18.063814717334346	1L/0R
438	idol	28.419681733401188	1L/0R
439	##ater	18.627871443943686	1L/0R
440	##s	16.53389938512231	1L/0R
441	and	18.063814717334346	1L/0R
442	who	20.65137678643533	1L/0R
443	##so	22.303426653828225	1L/0R
444	##ever	23.432098220461135	1L/0R
445	love	18.47157748688126	1L/0R
446	##th	19.98337548382773	1L/0R
447	and	19.070505352052983	1L/0R
448	make	23.072822275566768	1L/0R
449	##th	21.98142625093026	1L/0R
450	a	21.877259352194912	1L/0R
451	lie	29.348839777305006	1L/0R
452	.	0.9157116040641514	1L/0R
453	I	14.906188679462865	1L/0R
454	Jesus	21.82782904909091	1L/0R
455	have	20.99644108472733	1L/0R
456	sent	20.94524284599185	1L/0R
457	mine	19.676676768708504	1L/0R
458	angel	22.655845664564893	1L/0R
459	to	16.63465766491695	1L/0R
460	testify	23.365029794829464	1L/0R
461	unto	20.675087861046272	1L/0R
462	you	12.605739205171716	1L/0R
463	these	21.193827132010075	1L/0R
464	things	17.43016455179728	1L/0R
465	in	18.072890923653986	1L/0R
466	the	17.94013522479503	1L/0R
467	churches	23.186415674320717	1L/0R
468	I	18.735248595608937	1L/0R
469	am	15.144243541420947	1L/0R
470	the	20.673251794047708	1L/0R
471	root	19.95846082218259	1L/0R
472	and	16.198711900321534	1L/0R
473	the	16.871478703630824	1L/0R
474	offspring	19.296829877698514	1L/0R
475	of	12.089335953488039	1L/0R
476	David	17.139752986587173	1L/0R
477	and	16.6569899987657	1L/0R
478	the	16.871478703630824	1L/0R
479	bright	22.40519066176228	1L/0R
480	and	14.437378382941883	1L/0R
481	morning	25.090716840556738	1L/0R
482	star	25.553850359112342	1L/0R
483	.	0.6953825528969321	1L/0R
484	And	18.04693873328205	1L/0R
485	the	14.913792490162386	1L/0R
486	Spirit	23.569004033669554	1L/0R
487	and	12.819522610966766	1L/0R
488	the	16.871478703630824	1L/0R
489	bride	24.03418956320513	1L/0R
490	say	22.82270547831907	1L/0R
491	Come	25.28437571603639	1L/0R
492	And	21.27991338307761	1L/0R
493	let	17.930113669813572	1L/0R
494	him	10.92256293292206	1L/0R
495	that	16.94464523532278	1L/0R
496	hear	21.549078241139306	1L/0R
497	##eth	18.74479432200355	1L/0R
498	say	14.541385624190912	1L/0R
499	Come	25.28437571603639	1L/0R
500	And	21.27991338307761	1L/0R
501	let	17.930113669813572	1L/0R
502	him	10.92256293292206	1L/0R
503	that	16.94464523532278	1L/0R
504	is	8.964661895017	1L/0R
505	at	17.534404700448558	1L/0R
506	##hir	21.330900519029512	1L/0R
507	##st	18.886486254927092	1L/0R
508	come	26.664152812451928	1L/0R
509	he	10.372992093031664	1L/1R
510	she	7.6483399714464	1L/1R
511	##wed	19.528267860958035	1L/1R
512	me	4.288551684333621	1L/1R
513	a	7.28409800573928	1L/1R
514	pure	11.304041004242437	1L/1R
515	river	12.53503889869602	1L/1R
516	of	5.224249279922312	1L/1R
517	water	11.325524517490782	1L/1R
518	of	4.4597594870696335	1L/1R
519	life	11.743275168987179	1L/1R
520	clear	14.345391065608677	1L/1R
521	as	6.721543310217966	1L/1R
522	crystal	19.394268094418223	1L/1R
523	proceeding	18.183909602378733	1L/1R
524	out	3.3211728373205434	1L/1R
525	of	0.4375232470644082	1L/1R
526	the	0.16666041479236995	1L/1R
527	throne	12.462299806289154	1L/1R
528	of	0.2316723908118155	1L/1R
529	God	11.599222299622241	1L/1R
530	and	6.330687027504694	1L/1R
531	of	3.595309142922389	1L/1R
532	the	0.2077351538894256	1L/1R
533	Lamb	16.56693776350284	1L/1R
534	.	2.6190050220397505	1L/1R
535	In	4.306712137372426	1L/1R
536	the	1.5209808611822173	1L/1R
537	midst	14.601101469816845	1L/1R
538	of	0.9466282348634151	1L/1R
539	the	1.2915434403397803	1L/1R
540	street	12.82921106357479	1L/1R
541	of	6.966206508760514	1L/1R
542	it	10.882152270177858	1L/1R
543	and	10.424568546811642	1L/1R
544	on	6.738537597813262	1L/1R
545	either	1.695719012726901	1L/1R
546	side	0.5391514400579348	1L/1R
547	of	0.7209069329759217	1L/1R
548	the	0.7384470678496217	1L/1R
549	river	11.304879736739572	1L/1R
550	was	7.285960378275834	1L/1R
551	there	6.58892702661188	1L/1R
552	the	2.5446320140134127	1L/1R
553	tree	12.298186979521732	1L/1R
554	of	0.10313151118546389	1L/1R
555	life	11.775535006471292	1L/1R
556	which	14.185842960233336	1L/1R
557	bare	17.14529984415276	1L/1R
558	twelve	19.14487812395463	1L/1R
559	manner	17.059970089213017	1L/1R
560	of	2.5896704168460425	1L/1R
561	fruits	15.324781290350334	1L/1R
562	and	7.746653528159869	1L/1R
563	yielded	15.457831874127622	1L/1R
564	her	11.613758446206589	1L/1R
565	fruit	16.685618670869655	1L/1R
566	every	7.682898373009665	1L/1R
567	month	5.816741722394089	1L/1R
568	and	6.084083521814412	1L/1R
569	the	5.5150161207164405	1L/1R
570	leaves	13.739626698045647	1L/1R
571	of	1.3233104010219554	1L/1R
572	the	1.6773538842696574	1L/1R
573	tree	14.315191357836957	1L/1R
574	were	11.743593327043111	1L/1R
575	for	6.811010547816265	1L/1R
576	the	5.73903008849435	1L/1R
577	healing	14.847131078986902	1L/1R
578	of	1.336622143163733	1L/1R
579	the	4.4639383939056625	1L/1R
580	nations	17.896729482514615	1L/1R
581	.	1.1013231519337605	1L/1R
582	And	5.971278796175154	1L/1R
583	there	7.946649946506949	1L/1R
584	shall	6.172342425257204	1L/1R
585	be	3.7695026351478482	1L/1R
586	no	0.8731361231214991	1L/1R
587	more	4.047280078125651	1L/1R
588	curse	16.93965270316383	1L/1R
589	but	10.788851528401114	1L/1R
590	the	1.13013312231375	1L/1R
591	throne	12.462299806289154	1L/1R
592	of	0.2316723908118155	1L/1R
593	God	11.599222299622241	1L/1R
594	and	6.330687027504694	1L/1R
595	of	3.595309142922389	1L/1R
596	the	0.2077351538894256	1L/1R
597	Lamb	14.415480250553582	1L/1R
598	shall	6.35603462601157	1L/1R
599	be	3.5107652490240806	1L/1R
600	in	4.090090806443984	1L/1R
601	it	12.094356198064258	1L/1R
602	and	11.329254942196174	1L/1R
603	his	5.499513423138754	1L/1R
604	servants	9.923834037211998	1L/1R
605	shall	8.717312120125555	1L/1R
606	serve	5.038785521141728	1L/1R
607	him	5.021157769679662	1L/1R
608	.	0.45672268502473023	1L/1R
609	And	4.730414279929688	1L/1R
610	they	6.037810549683668	1L/1R
611	shall	7.807334843222841	1L/1R
612	see	8.358528110569408	1L/1R
613	his	1.2213824055596887	1L/1R
614	face	5.392133552795758	1L/1R
615	and	6.392573167523656	1L/1R
616	his	3.448967474708266	1L/1R
617	name	4.556672958708945	1L/1R
618	shall	5.107835022165191	1L/1R
619	be	3.5107652490240806	1L/1R
620	in	4.623395257088864	1L/1R
621	their	8.07354066453102	1L/1R
622	forehead	7.2568378173778845	1L/1R
623	##s	6.055818332860754	1L/1R
624	.	2.768732814520138	1L/1R
625	And	5.971278796175154	1L/1R
626	there	7.946649946506949	1L/1R
627	shall	6.172342425257204	1L/1R
628	be	3.7695026351478482	1L/1R
629	no	12.131003605702757	1L/1R
630	night	12.209396260457368	1L/1R
631	there	12.312129605324236	1L/1R
632	and	7.279341467161121	1L/1R
633	they	5.271570826088887	1L/1R
634	need	7.799624583597002	1L/1R
635	no	5.964940001540425	1L/1R
636	candle	18.221944132221378	1L/1R
637	neither	21.353480071971685	1L/1R
638	light	12.930447471116205	1L/1R
639	of	2.816060129868651	1L/1R
640	the	0.27037655982633885	1L/1R
641	sun	16.120790705928414	1L/1R
642	for	6.127754798755549	1L/1R
643	the	0.5954556949088299	1L/1R
644	Lord	4.481193791403212	1L/1R
645	God	5.442082830313724	1L/1R
646	give	8.880483832947911	1L/1R
647	##th	12.368106355857142	1L/1R
648	them	11.69419456954728	1L/1R
649	light	12.898006862354357	1L/1R
650	and	5.402292148964237	1L/1R
651	they	5.37860460867043	1L/1R
652	shall	3.2834619448538924	1L/1R
653	reign	11.333442564228525	1L/1R
654	for	1.3581170433278626	1L/1R
655	ever	13.313027215632316	1L/1R
656	and	1.3644551223247912	1L/1R
657	ever	14.31956492599342	1L/1R
658	.	0.5059055638079399	1L/1R
659	And	5.211897338275327	1L/1R
660	he	1.6028152690499555	1L/1R
661	said	4.423332634725861	1L/1R
662	unto	6.395524818029967	1L/1R
663	me	4.799029725711748	1L/1R
664	These	21.580515526752038	1L/1R
665	saying	12.85083419237407	1L/1R
666	##s	5.191974501472897	1L/1R
667	are	5.380290581656231	1L/1R
668	faithful	15.60759832456182	1L/1R
669	and	1.0786570687848172	1L/1R
670	true	14.97429165633566	1L/1R
671	and	6.10070965012559	1L/1R
672	the	1.7562539170182372	1L/1R
673	Lord	4.481193791403212	1L/1R
674	God	10.987208907633033	1L/1R
675	of	2.5489636252604058	1L/1R
676	the	0.37037256914521915	1L/1R
677	holy	7.345587841117536	1L/1R
678	prophet	7.8315554201565885	1L/1R
679	##s	0.975151336254114	1L/1R
680	sent	14.430862451265586	1L/1R
681	his	5.811847496782417	1L/1R
682	angel	14.881643915552457	1L/1R
683	to	6.992249818299749	1L/1R
684	she	6.058405086681757	1L/1R
685	##w	12.450183846376477	1L/1R
686	unto	13.24315877350154	1L/1R
687	his	2.8236174212518383	1L/1R
688	servants	17.764530596830966	1L/1R
689	the	10.547301146668204	1L/1R
690	things	11.138260970764295	1L/1R
691	which	6.797910262424046	1L/1R
692	must	15.756065688065329	1L/1R
693	shortly	14.66786016647816	1L/1R
694	be	2.290173117908077	1L/1R
695	done	5.929141219480619	1L/1R
696	.	3.4810223914034935	1L/1R
697	Be	2.8288748296893624	1L/1R
698	##hold	7.266162926666939	1L/1R
699	I	3.9769113311518587	1L/1R
700	come	12.435495308925193	1L/1R
701	quickly	12.456804944707486	1L/1R
702	blessed	15.144190133637688	1L/1R
703	is	2.87390668664256	1L/1R
704	he	9.358537481930988	1L/1R
705	that	15.63624741315131	1L/1R
706	keep	9.314295501195	1L/1R
707	##eth	13.979317055215667	1L/1R
708	the	3.0075404727693877	1L/1R
709	saying	12.56810891125794	1L/1R
710	##s	4.009877161127764	1L/1R
711	of	2.6844592882903284	1L/1R
712	the	0.5210360182708269	1L/1R
713	prophecy	14.77718770727212	1L/1R
714	of	2.9819749230871175	1L/1R
715	this	3.2994523337105592	1L/1R
716	book	8.737735651316443	1L/1R
717	.	0.7133177398913078	1L/1R
718	And	5.897081910349958	1L/1R
719	I	10.456371747335078	1L/1R
720	John	19.025276550108217	1L/1R
721	saw	9.014421036563133	1L/1R
722	these	5.196497419466943	1L/1R
723	things	11.992715522136482	1L/1R
724	and	8.499597916130623	1L/1R
725	heard	9.62090989018624	1L/1R
726	them	5.210035794937165	1L/1R
727	And	13.779736524958853	1L/1R
728	when	5.281025400486109	1L/1R
729	I	3.251438901765019	1L/1R
730	had	2.195722326237606	1L/1R
731	heard	9.26201136868298	1L/1R
732	and	1.312876275520532	1L/1R
733	seen	14.76808231176859	1L/1R
734	I	4.830514576737818	1L/1R
735	fell	7.241913653414132	1L/1R
736	down	3.9395728758274027	1L/1R
737	to	3.2230961453021942	1L/1R
738	worship	11.830221458773448	1L/1R
739	before	11.833688863605047	1L/1R
740	the	5.268075173380315	1L/1R
741	feet	13.530218468782662	1L/1R
742	of	3.6302915075524846	1L/1R
743	the	1.1977050222318317	1L/1R
744	angel	14.340736162995182	1L/1R
745	which	10.643422971408967	1L/1R
746	she	4.716654430238479	1L/1R
747	##wed	19.528267860958035	1L/1R
748	me	7.750043287979487	1L/1R
749	these	8.133449360005583	1L/1R
750	things	7.79214664385886	1L/1R
751	.	0.30888514179075405	1L/1R
752	Then	11.921656314763476	1L/1R
753	sa	8.60770668775243	1L/1R
754	##ith	3.4954922992732036	1L/1R
755	he	8.842836126030482	1L/1R
756	unto	19.13197666079676	1L/1R
757	me	7.1110127624592785	1L/1R
758	See	17.00867858406108	1L/1R
759	thou	17.825274054956232	1L/1R
760	do	9.578727562335366	1L/1R
761	it	4.493999509370221	1L/1R
762	not	9.513513559267134	1L/1R
763	for	8.03526456878991	1L/1R
764	I	0.4814970320369833	1L/1R
765	am	2.323096308438167	1L/1R
766	thy	8.461742141445866	1L/1R
767	fellows	14.512111647047128	1L/1R
768	##er	9.069604999274619	1L/1R
769	##vant	14.082736012911775	1L/1R
770	and	10.914169205454206	1L/1R
771	of	5.451455215500507	1L/1R
772	thy	12.928766959049677	1L/1R
773	br	11.03115315323531	1L/1R
774	##eth	0.02990692703909279	1L/1R
775	##ren	14.70293848849603	1L/1R
776	the	3.6978974545811996	1L/1R
777	prophet	9.6471751367022	1L/1R
778	##s	0.8548873958660257	1L/1R
779	and	9.763836136767482	1L/1R
780	of	6.878222257092085	1L/1R
781	them	7.26331844594273	1L/1R
782	which	8.85696718048312	1L/1R
783	keep	13.820701048401094	1L/1R
784	the	8.206112461919718	1L/1R
785	saying	12.56810891125794	1L/1R
786	##s	4.009877161127764	1L/1R
787	of	5.153680555163538	1L/1R
788	this	3.2994523337105592	1L/1R
789	book	12.119277438114091	1L/1R
790	worship	13.581953879835812	1L/1R
791	God	9.274598998979695	1L/1R
792	.	1.6730816292206996	1L/1R
793	And	5.211897338275327	1L/1R
794	he	3.516162947005357	1L/1R
795	sa	2.6636816847550517	1L/1R
796	##ith	2.185004355147094	1L/1R
797	unto	8.398767502158565	1L/1R
798	me	11.906015931314428	1L/1R
799	Seal	23.45322562026943	1L/1R
800	not	12.564417860449613	1L/1R
801	the	7.812021406458541	1L/1R
802	saying	12.56810891125794	1L/1R
803	##s	4.009877161127764	1L/1R
804	of	2.6844592882903284	1L/1R
805	the	0.5210360182708269	1L/1R
806	prophecy	14.77718770727212	1L/1R
807	of	2.9819749230871175	1L/1R
808	this	3.2994523337105592	1L/1R
809	book	15.10034215359111	1L/1R
810	for	4.529305010762009	1L/1R
811	the	5.477073831894165	1L/1R
812	time	9.392272364027887	1L/1R
813	is	2.7469956673329534	1L/1R
814	at	9.491449952772896	1L/1R
815	hand	11.114546403689035	1L/1R
816	.	1.2913813659893885	1L/1R
817	He	12.199593668277961	1L/1R
818	that	7.953171577186394	1L/1R
819	is	1.3780982619822864	1L/1R
820	un	11.682253422723182	1L/1R
821	##ju	0.32676242718107207	1L/1R
822	##st	2.2463005079401963	1L/1R
823	let	7.681871253566926	1L/1R
824	him	2.98767179320004	1L/1R
825	be	8.533939350637926	1L/1R
826	un	14.389869092618163	1L/1R
827	##ju	0.32676242718107207	1L/1R
828	##st	2.8242669652842	1L/1R
829	still	14.684963102928593	1L/1R
830	and	6.981195025451525	1L/1R
831	he	11.629252871245178	1L/1R
832	which	6.910723942408864	1L/1R
833	is	0.37339316281016255	1L/1R
834	filthy	21.93603670479191	1L/1R
835	let	14.249900277252092	1L/1R
836	him	2.98767179320004	1L/1R
837	be	8.820056447445625	1L/1R
838	filthy	16.798851540564797	1L/1R
839	still	12.019593927675409	1L/1R
840	and	6.981195025451525	1L/1R
841	he	11.936143484944447	1L/1R
842	that	6.184719813474409	1L/1R
843	is	3.1640710389415476	1L/1R
844	right	1.3975564324686363	1L/1R
845	##eous	8.692218713771346	1L/1R
846	let	11.324801215348076	1L/1R
847	him	2.98767179320004	1L/1R
848	be	8.67829536227724	1L/1R
849	right	2.4831819824044987	1L/1R
850	##eous	10.451577863077615	1L/1R
851	still	14.646845499993763	1L/1R
852	and	6.981195025451525	1L/1R
853	he	11.936143484944447	1L/1R
854	that	6.184719813474409	1L/1R
855	is	0.24806260676622233	1L/1R
856	holy	18.275662476057878	1L/1R
857	let	11.988226599068089	1L/1R
858	him	2.98767179320004	1L/1R
859	be	6.584358924896642	1L/1R
860	holy	15.162988391808565	1L/1R
861	still	11.590533183065656	1L/1R
862	.	1.6125818767042253	1L/1R
863	And	8.690366834693238	1L/1R
864	be	0.0669911679918068	1L/1R
865	##hold	6.329116230078457	1L/1R
866	I	3.9769113311518587	1L/1R
867	come	12.435495308925193	1L/1R
868	quickly	9.461694179070685	1L/1R
869	and	6.376578277825175	1L/1R
870	my	13.456372219285404	1L/1R
871	reward	13.24860958586278	1L/1R
872	is	7.064824606880286	1L/1R
873	with	3.70213397853558	1L/1R
874	me	13.375479944818665	1L/1R
875	to	1.6109780533816596	1L/1R
876	give	8.709854983759996	1L/1R
877	every	9.465098372008487	1L/1R
878	man	11.05020658852695	1L/1R
879	according	14.791350063503543	1L/1R
880	as	13.280951740819617	1L/1R
881	his	7.492530644011006	1L/1R
882	work	6.9105045827824645	1L/1R
883	shall	3.9881689425364066	1L/1R
884	be	4.058655025539961	1L/1R
885	.	5.413806514164366	1L/1R
886	I	1.249605405618978	1L/1R
887	am	0.35490936548411206	1L/1R
888	Alpha	18.314007054514455	1L/1R
889	and	2.2754873958893462	1L/1R
890	Omega	17.79647111820358	1L/1R
891	the	5.132116031896806	1L/1R
892	beginning	12.245574861284624	1L/1R
893	and	5.882376871647043	1L/1R
894	the	1.0412355253413854	1L/1R
895	end	10.801238444491398	1L/1R
896	the	7.7787052454471155	1L/1R
897	first	7.52092792716745	1L/1R
898	and	6.294439851279829	1L/1R
899	the	3.3068391385180713	1L/1R
900	last	8.868044157354182	1L/1R
901	.	7.84603426906346	1L/1R
902	Blessed	12.788538977103594	1L/1R
903	are	1.4622992139224138	1L/1R
904	they	4.105809673325713	1L/1R
905	that	9.287165416679079	1L/1R
906	do	18.096467107970632	1L/1R
907	his	9.71397997536386	1L/1R
908	command	1.1978389558846987	1L/1R
909	##ments	10.361239854229044	1L/1R
910	that	6.815129801214265	1L/1R
911	they	3.365119836523821	1L/1R
912	may	5.293516418262713	1L/1R
913	have	7.732730952215561	1L/1R
914	right	7.543915854807698	1L/1R
915	to	2.6886306973971337	1L/1R
916	the	1.7561477447360392	1L/1R
917	tree	12.298186979521732	1L/1R
918	of	0.10313151118546389	1L/1R
919	life	12.379523975871791	1L/1R
920	and	10.368811729249018	1L/1R
921	may	4.432457344001767	1L/1R
922	enter	10.457124940534186	1L/1R
923	in	8.829137271780631	1L/1R
924	through	12.440945055607827	1L/1R
925	the	0.2990757425847171	1L/1R
926	gates	9.769304901669829	1L/1R
927	into	6.247074790670179	1L/1R
928	the	0.2742213515053361	1L/1R
929	city	8.63400269235312	1L/1R
930	.	2.256402337192938	1L/1R
931	For	9.985231680851388	1L/1R
932	without	15.177997190171387	1L/1R
933	are	12.62572143816139	1L/1R
934	dogs	15.809248596925068	1L/1R
935	and	6.857208924409805	1L/1R
936	so	4.642267869481749	1L/1R
937	##rcerer	3.048352525772005	1L/1R
938	##s	3.59994273254404	1L/1R
939	and	7.293940055041821	1L/1R
940	whore	19.00100817051211	1L/1R
941	##mon	0.010325466150497287	1L/1R
942	##gers	9.745349641172092	1L/1R
943	and	5.360239448229355	1L/1R
944	murderer	14.69464542871063	1L/1R
945	##s	3.0380449383222943	1L/1R
946	and	5.27586318862077	1L/1R
947	idol	5.660939855712193	1L/1R
948	##ater	9.619562187462455	1L/1R
949	##s	3.270551435737016	1L/1R
950	and	4.595077132718997	1L/1R
951	who	12.45792848891794	1L/1R
952	##so	0.040034669619645885	1L/1R
953	##ever	5.6511278855361295	1L/1R
954	love	8.47607701528301	1L/1R
955	##th	12.83650156868679	1L/1R
956	and	7.3272178415288725	1L/1R
957	make	13.594663348237521	1L/1R
958	##th	15.717289499548205	1L/1R
959	a	5.954131544249229	1L/1R
960	lie	10.427303126895987	1L/1R
961	.	4.156864855835983	1L/1R
962	I	10.504841532819876	1L/1R
963	Jesus	21.018628264225335	1L/1R
964	have	10.144098147642715	1L/1R
965	sent	11.50596600898993	1L/1R
966	mine	16.387059306066835	1L/1R
967	angel	17.248961478104846	1L/1R
968	to	1.4237869369076497	1L/1R
969	testify	11.351109248149397	1L/1R
970	unto	8.464710382729711	1L/1R
971	you	3.7857241662025554	1L/1R
972	these	12.17060126671389	1L/1R
973	things	11.65327351647066	1L/1R
974	in	1.623105178437602	1L/1R
975	the	4.423348202501927	1L/1R
976	churches	17.80578600381362	1L/1R
977	I	6.255637919482403	1L/1R
978	am	4.867326916146402	1L/1R
979	the	12.729806920906704	1L/1R
980	root	13.287920376319605	1L/1R
981	and	6.1131336941352625	1L/1R
982	the	5.131034963071362	1L/1R
983	offspring	11.650766697722752	1L/1R
984	of	0.7449211344361987	1L/1R
985	David	12.496084147804757	1L/1R
986	and	4.711805863294208	1L/1R
987	the	3.7607952597775935	1L/1R
988	bright	14.692948482239077	1L/1R
989	and	9.1957566981372	1L/1R
990	morning	13.331530254281333	1L/1R
991	star	11.50360442572826	1L/1R
992	.	1.4829218915860078	1L/1R
993	And	6.9431140982902715	1L/1R
994	the	1.9800818591319826	1L/1R
995	Spirit	14.344779932493983	1L/1R
996	and	6.796953014106421	1L/1R
997	the	2.4657321500133045	1L/1R
998	bride	16.46035176121388	1L/1R
999	say	13.695970155370421	1L/1R
1000	Come	16.9752510767377	1L/1R
1001	And	11.917649193317134	1L/1R
1002	let	6.515190993073707	1L/1R
1003	him	4.856244371056956	1L/1R
1004	that	9.175566870476386	1L/1R
1005	hear	8.24776086113174	1L/1R
1006	##eth	14.270422714220595	1L/1R
1007	say	9.322112644074977	1L/1R
1008	Come	16.9752510767377	1L/1R
1009	And	11.917649193317134	1L/1R
1010	let	6.515190993073707	1L/1R
1011	him	4.856244371056956	1L/1R
1012	that	5.198686537229869	1L/1R
1013	is	2.4276046163397487	1L/1R
1014	at	8.6751312490783	1L/1R
1015	##hir	13.574445620518595	1L/1R
1016	##st	5.118992587149795	1L/1R
1017	he	2.9753667167096283	1L/2R
1018	she	5.332686584302251	1L/2R
1019	##wed	17.52583435645263	1L/2R
1020	me	5.833108902877312	1L/2R
1021	a	1.4566241448076824	1L/2R
1022	pure	10.25641579309317	1L/2R
1023	river	9.152827928675894	1L/2R
1024	of	3.4647821807697308	1L/2R
1025	water	10.311092895852958	1L/2R
1026	of	5.924327125939651	1L/2R
1027	life	10.210498692017019	1L/2R
1028	clear	9.308453793150772	1L/2R
1029	as	10.94126041563183	1L/2R
1030	crystal	18.43552752231379	1L/2R
1031	proceeding	19.194117902694067	1L/2R
1032	out	2.500880750594979	1L/2R
1033	of	0.7388858539723941	1L/2R
1034	the	0.10905714372586267	1L/2R
1035	throne	13.09308913351211	1L/2R
1036	of	0.31276348133107035	1L/2R
1037	God	9.413695054205116	1L/2R
1038	and	6.787946296048667	1L/2R
1039	of	4.135898228220253	1L/2R
1040	the	0.19906841243146767	1L/2R
1041	Lamb	13.201924179895025	1L/2R
1042	.	6.649046120201063	1L/2R
1043	In	1.0014137018789917	1L/2R
1044	the	0.002558703778114298	1L/2R
1045	midst	14.323290711784447	1L/2R
1046	of	0.8755730525151985	1L/2R
1047	the	0.4179133913105935	1L/2R
1048	street	15.266720744051597	1L/2R
1049	of	6.217742603743557	1L/2R
1050	it	7.663990802374074	1L/2R
1051	and	11.535275283911409	1L/2R
1052	on	0.5096871001892175	1L/2R
1053	either	1.4745765685745909	1L/2R
1054	side	0.23417772729840614	1L/2R
1055	of	0.16929776659976992	1L/2R
1056	the	0.8171605898125209	1L/2R
1057	river	9.502360095494266	1L/2R
1058	was	6.322840407282112	1L/2R
1059	there	7.782963515196796	1L/2R
1060	the	3.5160220185868445	1L/2R
1061	tree	8.51333042109075	1L/2R
1062	of	0.061886634560854185	1L/2R
1063	life	10.902311662176986	1L/2R
1064	which	10.973973229924738	1L/2R
1065	bare	15.662614927188502	1L/2R
1066	twelve	18.803888694467716	1L/2R
1067	manner	17.07205524910815	1L/2R
1068	of	1.146055064571639	1L/2R
1069	fruits	9.613924387476146	1L/2R
1070	and	6.398236124558855	1L/2R
1071	yielded	11.73773048909148	1L/2R
1072	her	8.000036546776212	1L/2R
1073	fruit	16.015677161967794	1L/2R
1074	every	3.7693233693276462	1L/2R
1075	month	5.973050443778329	1L/2R
1076	and	7.748136669460115	1L/2R
1077	the	1.1050579289409157	1L/2R
1078	leaves	12.285249721306624	1L/2R
1079	of	0.2674296787871154	1L/2R
1080	the	0.8401506771688746	1L/2R
1081	tree	15.862492067247025	1L/2R
1082	were	11.358363845998904	1L/2R
1083	for	5.087338401046039	1L/2R
1084	the	0.07337363273742994	1L/2R
1085	healing	17.515759997188518	1L/2R
1086	of	1.3823937606864005	1L/2R
1087	the	4.512279053987211	1L/2R
1088	nations	16.932421869552304	1L/2R
1089	.	0.7189939635150243	1L/2R
1090	And	3.642684797172947	1L/2R
1091	there	6.026814153390798	1L/2R
1092	shall	6.583399208798066	1L/2R
1093	be	2.2305126038305416	1L/2R
1094	no	1.1473924860621088	1L/2R
1095	more	3.301249452050967	1L/2R
1096	curse	17.02968026455373	1L/2R
1097	but	13.566972667545587	1L/2R
1098	the	0.2240016859547316	1L/2R
1099	throne	13.09308913351211	1L/2R
1100	of	0.31276348133107035	1L/2R
1101	God	9.413695054205116	1L/2R
1102	and	6.787946296048667	1L/2R
1103	of	4.135898228220253	1L/2R
1104	the	0.21379489436154964	1L/2R
1105	Lamb	15.610088408162458	1L/2R
1106	shall	6.73749734785337	1L/2R
1107	be	2.581648592386414	1L/2R
1108	in	3.687638408589929	1L/2R
1109	it	7.535143815555776	1L/2R
1110	and	9.403455791606419	1L/2R
1111	his	4.022218214689275	1L/2R
1112	servants	9.213395043987251	1L/2R
1113	shall	7.424873390210198	1L/2R
1114	serve	5.703745968351719	1L/2R
1115	him	3.207580140673414	1L/2R
1116	.	0.561999845620093	1L/2R
1117	And	4.94898627081742	1L/2R
1118	they	6.455089910147286	1L/2R
1119	shall	8.373648609152115	1L/2R
1120	see	2.537475136543152	1L/2R
1121	his	1.009604453383336	1L/2R
1122	face	6.130633489589785	1L/2R
1123	and	3.1858378739385538	1L/2R
1124	his	2.368031442683685	1L/2R
1125	name	3.186667372573444	1L/2R
1126	shall	5.439975216639837	1L/2R
1127	be	3.632977917356777	1L/2R
1128	in	6.587451472639687	1L/2R
1129	their	1.5687799140108216	1L/2R
1130	forehead	7.72047768928749	1L/2R
1131	##s	3.409580275931593	1L/2R
1132	.	2.650352017108254	1L/2R
1133	And	3.642684797172947	1L/2R
1134	there	6.026814153390798	1L/2R
1135	shall	6.583399208798066	1L/2R
1136	be	1.5883007595853516	1L/2R
1137	no	7.666489469514932	1L/2R
1138	night	11.78445307739298	1L/2R
1139	there	12.642537261333997	1L/2R
1140	and	7.098728895154509	1L/2R
1141	they	4.589316268989338	1L/2R
1142	need	6.776752439582532	1L/2R
1143	no	2.1864727233808745	1L/2R
1144	candle	11.751096679318698	1L/2R
1145	neither	19.685305437885667	1L/2R
1146	light	11.2162769427584	1L/2R
1147	of	1.9291132202616894	1L/2R
1148	the	0.2458332214414513	1L/2R
1149	sun	16.093911846321074	1L/2R
1150	for	5.234804463532572	1L/2R
1151	the	0.4607033134755936	1L/2R
1152	Lord	4.026686344059671	1L/2R
1153	God	2.4204569786635215	1L/2R
1154	give	5.325427323549054	1L/2R
1155	##th	8.74774097750078	1L/2R
1156	them	11.307264897279062	1L/2R
1157	light	13.036128571437	1L/2R
1158	and	4.889854772233998	1L/2R
1159	they	4.539486609656538	1L/2R
1160	shall	3.4460233315103457	1L/2R
1161	reign	6.5409341566518595	1L/2R
1162	for	0.403799777393832	1L/2R
1163	ever	0.3335161360832443	1L/2R
1164	and	2.829927788919289	1L/2R
1165	ever	12.125509744007445	1L/2R
1166	.	0.33854600320333067	1L/2R
1167	And	5.330828161979614	1L/2R
1168	he	1.6656735142860788	1L/2R
1169	said	2.4778110887581937	1L/2R
1170	unto	3.709045202961867	1L/2R
1171	me	3.779975855301675	1L/2R
1172	These	13.99279406673063	1L/2R
1173	saying	12.644841293307623	1L/2R
1174	##s	7.879176473270553	1L/2R
1175	are	5.842557918900159	1L/2R
1176	faithful	8.970344252559636	1L/2R
1177	and	1.1600733028859636	1L/2R
1178	true	15.001270651274385	1L/2R
1179	and	8.816944551140079	1L/2R
1180	the	1.0985380216820972	1L/2R
1181	Lord	5.578329353559379	1L/2R
1182	God	9.776912297527451	1L/2R
1183	of	0.7178528574870382	1L/2R
1184	the	0.2160197261496554	1L/2R
1185	holy	7.593689358263795	1L/2R
1186	prophet	4.136891799380586	1L/2R
1187	##s	1.9257696680296341	1L/2R
1188	sent	11.512826665552309	1L/2R
1189	his	4.41047559899418	1L/2R
1190	angel	14.787768435281933	1L/2R
1191	to	5.07953474010939	1L/2R
1192	she	2.8301957736521577	1L/2R
1193	##w	16.56001811795311	1L/2R
1194	unto	14.265639541959676	1L/2R
1195	his	3.1839834522701005	1L/2R
1196	servants	16.47934775219253	1L/2R
1197	the	9.254577196054992	1L/2R
1198	things	7.23194655206746	1L/2R
1199	which	10.191290588966337	1L/2R
1200	must	8.236088023052483	1L/2R
1201	shortly	17.42813026298475	1L/2R
1202	be	3.998776174735314	1L/2R
1203	done	7.177072519409998	1L/2R
1204	.	4.379937943875254	1L/2R
1205	Be	1.481330517907818	1L/2R
1206	##hold	6.678220643376113	1L/2R
1207	I	4.019775421162669	1L/2R
1208	come	12.94785587000254	1L/2R
1209	quickly	15.147108219517266	1L/2R
1210	blessed	14.829774174939082	1L/2R
1211	is	2.5093941563600928	1L/2R
1212	he	5.773939335485866	1L/2R
1213	that	5.858634354655924	1L/2R
1214	keep	7.779141693077187	1L/2R
1215	##eth	17.444582942003183	1L/2R
1216	the	2.35599786625059	1L/2R
1217	saying	11.28670820380162	1L/2R
1218	##s	3.7500884113525417	1L/2R
1219	of	1.9082748922001103	1L/2R
1220	the	0.33904724732859665	1L/2R
1221	prophecy	15.424135228313137	1L/2R
1222	of	3.7642743890526025	1L/2R
1223	this	3.9276019052504525	1L/2R
1224	book	9.649691096328741	1L/2R
1225	.	2.30088139581598	1L/2R
1226	And	9.34958717841959	1L/2R
1227	I	12.750655611017704	1L/2R
1228	John	19.47654500616183	1L/2R
1229	saw	5.200711065277	1L/2R
1230	these	4.528182788217024	1L/2R
1231	things	11.468303003490847	1L/2R
1232	and	5.854377207173277	1L/2R
1233	heard	8.759795627277946	1L/2R
1234	them	4.797043107361406	1L/2R
1235	And	13.30134693805403	1L/2R
1236	when	4.697862164072373	1L/2R
1237	I	3.0844222824960905	1L/2R
1238	had	1.585965551181786	1L/2R
1239	heard	2.24013477019778	1L/2R
1240	and	4.7236980751695405	1L/2R
1241	seen	16.40336810200065	1L/2R
1242	I	5.753109099613689	1L/2R
1243	fell	10.894962077405857	1L/2R
1244	down	5.474175271469674	1L/2R
1245	to	1.458043655586451	1L/2R
1246	worship	12.056408295566948	1L/2R
1247	before	11.326651993062402	1L/2R
1248	the	0.9942550224718717	1L/2R
1249	feet	12.77239742281228	1L/2R
1250	of	1.1052440245890298	1L/2R
1251	the	0.7577254471113835	1L/2R
1252	angel	15.018129826356214	1L/2R
1253	which	9.53775885848297	1L/2R
1254	she	2.839903616821539	1L/2R
1255	##wed	18.106348420759936	1L/2R
1256	me	5.272841298664811	1L/2R
1257	these	8.356513799225635	1L/2R
1258	things	4.500201060193434	1L/2R
1259	.	0.6050776079346812	1L/2R
1260	Then	8.763923601348285	1L/2R
1261	sa	3.3807654526608526	1L/2R
1262	##ith	1.3352759353443924	1L/2R
1263	he	9.676500976860094	1L/2R
1264	unto	16.060449480102555	1L/2R
1265	me	2.9298151657830407	1L/2R
1266	See	19.285669155255523	1L/2R
1267	thou	17.21109959535137	1L/2R
1268	do	11.609030895893815	1L/2R
1269	it	2.158822954822048	1L/2R
1270	not	9.941122215989656	1L/2R
1271	for	9.741304872301825	1L/2R
1272	I	0.030704039929828866	1L/2R
1273	am	3.355186088508041	1L/2R
1274	thy	10.06311849235232	1L/2R
1275	fellows	17.544323110297793	1L/2R
1276	##er	13.701550992716594	1L/2R
1277	##vant	14.020403240411818	1L/2R
1278	and	10.991189115485254	1L/2R
1279	of	6.931681748057448	1L/2R
1280	thy	5.918708857515305	1L/2R
1281	br	1.5650506117369115e-05	1L/2R
1282	##eth	0.03726811473703212	1L/2R
1283	##ren	16.74587589990309	1L/2R
1284	the	7.44215117440736	1L/2R
1285	prophet	11.842397095236448	1L/2R
1286	##s	0.8984350977421725	1L/2R
1287	and	8.988388493186632	1L/2R
1288	of	4.46465650687771	1L/2R
1289	them	6.761840640419366	1L/2R
1290	which	10.055604364491993	1L/2R
1291	keep	14.477989413519355	1L/2R
1292	the	1.4012857044089078	1L/2R
1293	saying	11.28670820380162	1L/2R
1294	##s	10.110667143815729	1L/2R
1295	of	2.3726560420991123	1L/2R
1296	this	7.002755470026421	1L/2R
1297	book	12.379998146953495	1L/2R
1298	worship	14.328131152824856	1L/2R
1299	God	4.449662435427179	1L/2R
1300	.	1.8198401265181838	1L/2R
1301	And	4.871747910664081	1L/2R
1302	he	3.3107402386943243	1L/2R
1303	sa	0.2105668508104389	1L/2R
1304	##ith	2.054486775000632	1L/2R
1305	unto	7.779844595188142	1L/2R
1306	me	9.364742097782681	1L/2R
1307	Seal	23.49226100009666	1L/2R
1308	not	12.530914813372732	1L/2R
1309	the	4.304931682399325	1L/2R
1310	saying	11.28670820380162	1L/2R
1311	##s	3.7500884113525417	1L/2R
1312	of	1.9082748922001103	1L/2R
1313	the	0.33904724732859665	1L/2R
1314	prophecy	15.424135228313137	1L/2R
1315	of	3.7642743890526025	1L/2R
1316	this	5.215633138439879	1L/2R
1317	book	13.542541589415393	1L/2R
1318	for	5.778489578698577	1L/2R
1319	the	1.3779261669322633	1L/2R
1320	time	9.560964430429097	1L/2R
1321	is	0.19336522616463458	1L/2R
1322	at	7.742390741577663	1L/2R
1323	hand	11.384615074869142	1L/2R
1324	.	2.858133906556369	1L/2R
1325	He	12.385528620762582	1L/2R
1326	that	9.030190700377027	1L/2R
1327	is	0.7436717976212387	1L/2R
1328	un	2.02470985137688	1L/2R
1329	##ju	0.6996548416276659	1L/2R
1330	##st	1.4181039962645232	1L/2R
1331	let	2.870248637307924	1L/2R
1332	him	3.786756768277431	1L/2R
1333	be	8.595668663558095	1L/2R
1334	un	5.857764839878151	1L/2R
1335	##ju	0.10520249321102461	1L/2R
1336	##st	2.5235522874397582	1L/2R
1337	still	12.066188972061711	1L/2R
1338	and	7.012080191442522	1L/2R
1339	he	9.90729688658312	1L/2R
1340	which	8.190153972821005	1L/2R
1341	is	0.9640853765983868	1L/2R
1342	filthy	15.175987846930752	1L/2R
1343	let	6.206270492173683	1L/2R
1344	him	1.9186945523103183	1L/2R
1345	be	10.205614080633461	1L/2R
1346	filthy	16.779484687779345	1L/2R
1347	still	12.406551998713313	1L/2R
1348	and	7.370990194217467	1L/2R
1349	he	10.60340148981935	1L/2R
1350	that	12.042305612629182	1L/2R
1351	is	0.8939547008534725	1L/2R
1352	right	1.0944133927060267	1L/2R
1353	##eous	8.151313359498449	1L/2R
1354	let	6.566637419814855	1L/2R
1355	him	1.6589337729982567	1L/2R
1356	be	7.386677241316562	1L/2R
1357	right	4.34000737290563	1L/2R
1358	##eous	7.606138639109701	1L/2R
1359	still	11.885189170791003	1L/2R
1360	and	7.370990194217467	1L/2R
1361	he	10.60340148981935	1L/2R
1362	that	3.2514323505133635	1L/2R
1363	is	0.8646703792426688	1L/2R
1364	holy	12.484778649800408	1L/2R
1365	let	4.056669068193451	1L/2R
1366	him	3.948287713969735	1L/2R
1367	be	8.080384124215259	1L/2R
1368	holy	16.014699694943655	1L/2R
1369	still	16.080133392542546	1L/2R
1370	.	1.4805505464669624	1L/2R
1371	And	2.7439680085215485	1L/2R
1372	be	0.06455516193110693	1L/2R
1373	##hold	5.206658250529822	1L/2R
1374	I	4.019775421162669	1L/2R
1375	come	11.776233649470313	1L/2R
1376	quickly	11.938981730253207	1L/2R
1377	and	7.028227292913164	1L/2R
1378	my	10.944034306058047	1L/2R
1379	reward	12.091225246806918	1L/2R
1380	is	4.836374276403219	1L/2R
1381	with	5.261739270050655	1L/2R
1382	me	10.258199553669515	1L/2R
1383	to	1.4657012738953936	1L/2R
1384	give	8.179785289987846	1L/2R
1385	every	3.8581911141083665	1L/2R
1386	man	10.700015488571713	1L/2R
1387	according	14.095347923588951	1L/2R
1388	as	14.58566883436545	1L/2R
1389	his	5.421482764968467	1L/2R
1390	work	7.493637813047075	1L/2R
1391	shall	5.145470469038884	1L/2R
1392	be	4.887668517903292	1L/2R
1393	.	6.1447872349146735	1L/2R
1394	I	0.08998106331386069	1L/2R
1395	am	0.5572994352716008	1L/2R
1396	Alpha	5.8552496600558195	1L/2R
1397	and	1.5575727816868805	1L/2R
1398	Omega	23.806137798444517	1L/2R
1399	the	5.085093018951411	1L/2R
1400	beginning	12.100083228935272	1L/2R
1401	and	3.9837675853058	1L/2R
1402	the	4.214416627509884	1L/2R
1403	end	7.025332120790923	1L/2R
1404	the	6.242188547457806	1L/2R
1405	first	7.573611871019513	1L/2R
1406	and	2.451942692478328	1L/2R
1407	the	0.8043335795719956	1L/2R
1408	last	8.472811170562164	1L/2R
1409	.	1.6981110294003376	1L/2R
1410	Blessed	9.757514928931544	1L/2R
1411	are	1.0792982377073836	1L/2R
1412	they	3.4471940776534824	1L/2R
1413	that	11.337707034740793	1L/2R
1414	do	18.40321718827218	1L/2R
1415	his	8.948260999931415	1L/2R
1416	command	1.1054273689247072	1L/2R
1417	##ments	5.99266196367802	1L/2R
1418	that	4.282489761779399	1L/2R
1419	they	3.194900894395418	1L/2R
1420	may	5.39305774540794	1L/2R
1421	have	1.2168831564294615	1L/2R
1422	right	10.12024588497046	1L/2R
1423	to	4.9048955043908755	1L/2R
1424	the	0.27380595986256684	1L/2R
1425	tree	8.51333042109075	1L/2R
1426	of	0.1347194393363048	1L/2R
1427	life	10.385919033422967	1L/2R
1428	and	8.365532461058528	1L/2R
1429	may	4.350081970905925	1L/2R
1430	enter	5.496434933550944	1L/2R
1431	in	7.248405887246204	1L/2R
1432	through	5.592929368189352	1L/2R
1433	the	0.17106881691029233	1L/2R
1434	gates	9.917102684234738	1L/2R
1435	into	3.8854471281880896	1L/2R
1436	the	0.10420249378836412	1L/2R
1437	city	10.115156319152842	1L/2R
1438	.	1.9626181064607777	1L/2R
1439	For	10.098144384612416	1L/2R
1440	without	15.308319835055027	1L/2R
1441	are	13.068152746945854	1L/2R
1442	dogs	15.28505178496889	1L/2R
1443	and	2.515249370505045	1L/2R
1444	so	2.0427746511086173	1L/2R
1445	##rcerer	2.63464324617988	1L/2R
1446	##s	2.9110794825249124	1L/2R
1447	and	4.875275683995748	1L/2R
1448	whore	12.907120941761677	1L/2R
1449	##mon	0.004809419171114636	1L/2R
1450	##gers	7.175174367668851	1L/2R
1451	and	0.9832527402202119	1L/2R
1452	murderer	16.758262494822482	1L/2R
1453	##s	2.0425806759952296	1L/2R
1454	and	3.4056250471971703	1L/2R
1455	idol	3.7098559683161105	1L/2R
1456	##ater	8.871438271846204	1L/2R
1457	##s	4.90574605373577	1L/2R
1458	and	3.8387766041194684	1L/2R
1459	who	2.5683926020112007	1L/2R
1460	##so	0.07524928124596339	1L/2R
1461	##ever	4.814608825007596	1L/2R
1462	love	9.752140122582217	1L/2R
1463	##th	15.9683477573245	1L/2R
1464	and	5.705258530910937	1L/2R
1465	make	10.003107028199507	1L/2R
1466	##th	20.509831084357455	1L/2R
1467	a	2.9184222927795402	1L/2R
1468	lie	10.125476067563932	1L/2R
1469	.	6.0110948456074444	1L/2R
1470	I	9.228098825789335	1L/2R
1471	Jesus	26.321896149463647	1L/2R
1472	have	8.785926238814831	1L/2R
1473	sent	9.699404173879243	1L/2R
1474	mine	16.296265367127038	1L/2R
1475	angel	14.904276389252662	1L/2R
1476	to	3.8105423338304605	1L/2R
1477	testify	9.457269203840504	1L/2R
1478	unto	4.7419566409439025	1L/2R
1479	you	3.231168231684457	1L/2R
1480	these	14.41854056385226	1L/2R
1481	things	11.329717952622966	1L/2R
1482	in	0.7016038545585134	1L/2R
1483	the	2.5671101263482954	1L/2R
1484	churches	21.634765943556076	1L/2R
1485	I	0.41607733706771366	1L/2R
1486	am	5.466524229554003	1L/2R
1487	the	10.75534814523481	1L/2R
1488	root	13.43861077460885	1L/2R
1489	and	6.797223908478506	1L/2R
1490	the	0.5729299193717247	1L/2R
1491	offspring	14.012498041849883	1L/2R
1492	of	0.6531684377516818	1L/2R
1493	David	10.873156126416422	1L/2R
1494	and	5.762412480296663	1L/2R
1495	the	3.1332826973232235	1L/2R
1496	bright	19.22750127224095	1L/2R
1497	and	9.218895668917604	1L/2R
1498	morning	12.486018861318682	1L/2R
1499	star	10.769216084332347	1L/2R
1500	.	1.2458268995278745	1L/2R
1501	And	5.940118890654722	1L/2R
1502	the	2.4816160167742147	1L/2R
1503	Spirit	12.10593626690523	1L/2R
1504	and	9.928932957600525	1L/2R
1505	the	0.16741521793084876	1L/2R
1506	bride	16.707956884188178	1L/2R
1507	say	14.468547621159377	1L/2R
1508	Come	13.37773431632692	1L/2R
1509	And	10.649686644438786	1L/2R
1510	let	9.564459189072146	1L/2R
1511	him	7.055443417556366	1L/2R
1512	that	3.2522079592547657	1L/2R
1513	hear	5.777548221301153	1L/2R
1514	##eth	12.540164685124216	1L/2R
1515	say	11.084747078803613	1L/2R
1516	Come	13.37773431632692	1L/2R
1517	And	10.649686644438786	1L/2R
1518	let	9.564459189072146	1L/2R
1519	him	8.153711070093387	1L/2R
1520	that	5.812187485613271	1L/2R
1521	is	2.2200443479159904	1L/2R
1522	at	9.599729913958136	1L/2R
1523	##hir	5.021824516000382	1L/2R
1524	she	17.892647535041895	2L/0R
1525	##wed	19.603258570018905	2L/0R
1526	me	18.398081327372797	2L/0R
1527	a	16.180084447733226	2L/0R
1528	pure	17.23489654942095	2L/0R
1529	river	23.41153857368837	2L/0R
1530	of	16.05400587944685	2L/0R
1531	water	9.313137786881656	2L/0R
1532	of	16.211487857450557	2L/0R
1533	life	14.118786502191393	2L/0R
1534	clear	23.185379300784863	2L/0R
1535	as	15.665580077294711	2L/0R
1536	crystal	11.45915019647903	2L/0R
1537	proceeding	25.909496151699837	2L/0R
1538	out	16.88233914503314	2L/0R
1539	of	15.684060784282584	2L/0R
1540	the	11.480201921964376	2L/0R
1541	throne	16.83028154539687	2L/0R
1542	of	14.418466548359635	2L/0R
1543	God	10.1805471879872	2L/0R
1544	and	14.370379127590429	2L/0R
1545	of	11.66450741775475	2L/0R
1546	the	11.614136941248695	2L/0R
1547	Lamb	20.343067081604183	2L/0R
1548	.	3.045462693866385	2L/0R
1549	In	15.657247643172747	2L/0R
1550	the	17.179925655532717	2L/0R
1551	midst	15.948226819957773	2L/0R
1552	of	10.485143547962824	2L/0R
1553	the	8.623676914360281	2L/0R
1554	street	14.359680582988313	2L/0R
1555	of	14.92044050960689	2L/0R
1556	it	10.81577144736599	2L/0R
1557	and	14.358944919382205	2L/0R
1558	on	15.39640828893322	2L/0R
1559	either	22.108314273012624	2L/0R
1560	side	12.78569614809666	2L/0R
1561	of	12.264912061090511	2L/0R
1562	the	7.152531692958032	2L/0R
1563	river	14.091178437734692	2L/0R
1564	was	14.259583576728225	2L/0R
1565	there	12.30869235028627	2L/0R
1566	the	17.593284404198148	2L/0R
1567	tree	16.184997707707257	2L/0R
1568	of	14.493053865504624	2L/0R
1569	life	7.756122037984949	2L/0R
1570	which	18.85811130474274	2L/0R
1571	bare	18.927434260764812	2L/0R
1572	twelve	22.253970319671488	2L/0R
1573	manner	25.130332740143636	2L/0R
1574	of	12.862115162935355	2L/0R
1575	fruits	16.763115887269496	2L/0R
1576	and	13.63533804599811	2L/0R
1577	yielded	22.3607421041796	2L/0R
1578	her	17.02186476281007	2L/0R
1579	fruit	21.581735461454823	2L/0R
1580	every	22.410910664224858	2L/0R
1581	month	12.458567159660156	2L/0R
1582	and	15.18606638364349	2L/0R
1583	the	12.401035310026058	2L/0R
1584	leaves	18.77846745329066	2L/0R
1585	of	12.587861901059178	2L/0R
1586	the	9.485795347062798	2L/0R
1587	tree	15.600516182697325	2L/0R
1588	were	20.432096364158113	2L/0R
1589	for	13.785899402890974	2L/0R
1590	the	10.040757610609983	2L/0R
1591	healing	19.684289178281084	2L/0R
1592	of	15.111875777607205	2L/0R
1593	the	11.357686479820323	2L/0R
1594	nations	16.96528800391562	2L/0R
1595	.	1.9137717534243741	2L/0R
1596	And	14.969895313896712	2L/0R
1597	there	15.112417167348694	2L/0R
1598	shall	24.730641427712822	2L/0R
1599	be	3.639022613523773	2L/0R
1600	no	13.262590483727493	2L/0R
1601	more	12.20834474275781	2L/0R
1602	curse	26.088980031267056	2L/0R
1603	but	18.0355555675938	2L/0R
1604	the	14.49078810267496	2L/0R
1605	throne	19.332576995217053	2L/0R
1606	of	14.418466548359635	2L/0R
1607	God	10.1805471879872	2L/0R
1608	and	14.370379127590429	2L/0R
1609	of	11.66450741775475	2L/0R
1610	the	11.614136941248695	2L/0R
1611	Lamb	20.343067081604183	2L/0R
1612	shall	24.342205095527127	2L/0R
1613	be	5.828477591137615	2L/0R
1614	in	12.300812541374269	2L/0R
1615	it	11.340493119469421	2L/0R
1616	and	14.875702273113188	2L/0R
1617	his	14.124452078763563	2L/0R
1618	servants	23.163433352839768	2L/0R
1619	shall	21.014435802022113	2L/0R
1620	serve	8.90761464149528	2L/0R
1621	him	13.23642441355528	2L/0R
1622	.	1.3674380458467332	2L/0R
1623	And	16.15596311153697	2L/0R
1624	they	16.366866959932647	2L/0R
1625	shall	20.352807629932833	2L/0R
1626	see	9.710458502018131	2L/0R
1627	his	16.461201502399742	2L/0R
1628	face	13.286068579774872	2L/0R
1629	and	12.561236822716076	2L/0R
1630	his	11.84785645516093	2L/0R
1631	name	15.806653919125658	2L/0R
1632	shall	24.223593775918715	2L/0R
1633	be	6.399464438439537	2L/0R
1634	in	12.300812541374269	2L/0R
1635	their	15.74916655489547	2L/0R
1636	forehead	13.185446087507026	2L/0R
1637	##s	13.895390689457475	2L/0R
1638	.	0.9100346156386033	2L/0R
1639	And	17.41301410977496	2L/0R
1640	there	15.112417167348694	2L/0R
1641	shall	24.730641427712822	2L/0R
1642	be	3.639022613523773	2L/0R
1643	no	13.262590483727493	2L/0R
1644	night	17.597196748491804	2L/0R
1645	there	15.973488883560806	2L/0R
1646	and	14.646265452270674	2L/0R
1647	they	15.277683264193714	2L/0R
1648	need	13.524272629019286	2L/0R
1649	no	15.524473859734647	2L/0R
1650	candle	21.528765872743662	2L/0R
1651	neither	22.55551522454945	2L/0R
1652	light	18.1630486619822	2L/0R
1653	of	14.260434240112328	2L/0R
1654	the	6.337174643949419	2L/0R
1655	sun	17.23157758252391	2L/0R
1656	for	17.908083014014284	2L/0R
1657	the	9.16750483961708	2L/0R
1658	Lord	18.414454595865802	2L/0R
1659	God	14.072334416535403	2L/0R
1660	give	22.912919698877218	2L/0R
1661	##th	13.011320600011292	2L/0R
1662	them	11.021803301756487	2L/0R
1663	light	20.070463183431645	2L/0R
1664	and	10.56241630244078	2L/0R
1665	they	16.58311242322633	2L/0R
1666	shall	13.147073368579424	2L/0R
1667	reign	15.287043493066085	2L/0R
1668	for	12.606829140579036	2L/0R
1669	ever	15.16682972357976	2L/0R
1670	and	14.590568144711645	2L/0R
1671	ever	7.991084677667438	2L/0R
1672	.	0.5189553303509672	2L/0R
1673	And	13.341375545550619	2L/0R
1674	he	15.777352919403658	2L/0R
1675	said	14.368310361373167	2L/0R
1676	unto	28.189795242853975	2L/0R
1677	me	6.607211323457557	2L/0R
1678	These	24.207816391040854	2L/0R
1679	saying	20.009443536711846	2L/0R
1680	##s	8.065283210681576	2L/0R
1681	are	15.4344032703711	2L/0R
1682	faithful	21.178040579059978	2L/0R
1683	and	13.141885410190564	2L/0R
1684	true	9.429025598701637	2L/0R
1685	and	13.345604558985713	2L/0R
1686	the	10.717791194140089	2L/0R
1687	Lord	20.807199565595454	2L/0R
1688	God	14.072334416535403	2L/0R
1689	of	16.475902036217125	2L/0R
1690	the	7.793642145214583	2L/0R
1691	holy	19.923001455583563	2L/0R
1692	prophet	22.003589439937855	2L/0R
1693	##s	12.721590103316643	2L/0R
1694	sent	23.0318642716211	2L/0R
1695	his	19.860392287182034	2L/0R
1696	angel	18.863306241435065	2L/0R
1697	to	17.133866525548836	2L/0R
1698	she	13.584071175059485	2L/0R
1699	##w	20.032228359964353	2L/0R
1700	unto	19.882483557705633	2L/0R
1701	his	11.958968398426578	2L/0R
1702	servants	16.250025953417534	2L/0R
1703	the	18.373709553099655	2L/0R
1704	things	12.952688670831192	2L/0R
1705	which	17.657711926060486	2L/0R
1706	must	14.405906431103386	2L/0R
1707	shortly	21.60078675719	2L/0R
1708	be	9.730499028123543	2L/0R
1709	done	14.338397153426204	2L/0R
1710	.	1.3206150461122446	2L/0R
1711	Be	19.17071286482554	2L/0R
1712	##hold	11.739494750864706	2L/0R
1713	I	16.834204971846475	2L/0R
1714	come	17.170853996047608	2L/0R
1715	quickly	20.896020244329307	2L/0R
1716	blessed	25.904085363936556	2L/0R
1717	is	17.17681033898294	2L/0R
1718	he	13.892912737701703	2L/0R
1719	that	17.004848417565515	2L/0R
1720	keep	19.007436919030734	2L/0R
1721	##eth	18.887042437161778	2L/0R
1722	the	12.367901269488335	2L/0R
1723	saying	12.606751485221858	2L/0R
1724	##s	13.082106968695962	2L/0R
1725	of	11.369813432376851	2L/0R
1726	the	9.221568286600252	2L/0R
1727	prophecy	19.659548820084023	2L/0R
1728	of	13.413360038853837	2L/0R
1729	this	11.337058739182346	2L/0R
1730	book	14.982911255128572	2L/0R
1731	.	0.5247357366884992	2L/0R
1732	And	15.624055767838732	2L/0R
1733	I	13.361090411779402	2L/0R
1734	John	22.17661341905876	2L/0R
1735	saw	20.916881865594366	2L/0R
1736	these	18.775857120576244	2L/0R
1737	things	18.03203843523754	2L/0R
1738	and	13.593731014905062	2L/0R
1739	heard	19.61857428437942	2L/0R
1740	them	13.450392980530587	2L/0R
1741	And	19.70064956298464	2L/0R
1742	when	12.474704304587641	2L/0R
1743	I	19.271115518688067	2L/0R
1744	had	7.963220024788293	2L/0R
1745	heard	21.993775464541987	2L/0R
1746	and	13.579438473200474	2L/0R
1747	seen	18.434520874148433	2L/0R
1748	I	17.353345602429737	2L/0R
1749	fell	16.136659507851146	2L/0R
1750	down	19.503574435119994	2L/0R
1751	to	17.19334664288409	2L/0R
1752	worship	21.531738165724974	2L/0R
1753	before	18.06821513280331	2L/0R
1754	the	12.273470094781189	2L/0R
1755	feet	15.199219255814716	2L/0R
1756	of	16.132357678070765	2L/0R
1757	the	9.40115079264792	2L/0R
1758	angel	18.876008093967393	2L/0R
1759	which	19.31901944866087	2L/0R
1760	she	14.093961589289608	2L/0R
1761	##wed	16.746972720834883	2L/0R
1762	me	18.398081327372797	2L/0R
1763	these	20.798395032205022	2L/0R
1764	things	17.201850394976898	2L/0R
1765	.	0.7525968573739696	2L/0R
1766	Then	17.441246023761224	2L/0R
1767	sa	21.88827815782947	2L/0R
1768	##ith	14.47008433062152	2L/0R
1769	he	16.6674726398122	2L/0R
1770	unto	19.79370206907822	2L/0R
1771	me	10.545934199996857	2L/0R
1772	See	24.150586021978302	2L/0R
1773	thou	20.0861640165325	2L/0R
1774	do	15.150554618574485	2L/0R
1775	it	14.979457945381919	2L/0R
1776	not	20.87939966276047	2L/0R
1777	for	14.618476983469936	2L/0R
1778	I	12.444861025832719	2L/0R
1779	am	11.370801153965603	2L/0R
1780	thy	25.823972221460807	2L/0R
1781	fellows	20.991175269775187	2L/0R
1782	##er	17.986070994089104	2L/0R
1783	##vant	18.970171735773413	2L/0R
1784	and	13.031872886994737	2L/0R
1785	of	12.720807581958717	2L/0R
1786	thy	20.702090889947588	2L/0R
1787	br	17.371423412210188	2L/0R
1788	##eth	6.577975539502181	2L/0R
1789	##ren	10.67007599777079	2L/0R
1790	the	16.915427742477604	2L/0R
1791	prophet	16.247835398177035	2L/0R
1792	##s	13.839909003979132	2L/0R
1793	and	12.882101870417538	2L/0R
1794	of	16.751190467128797	2L/0R
1795	them	13.931069396343387	2L/0R
1796	which	18.930695782853338	2L/0R
1797	keep	14.628902835955982	2L/0R
1798	the	13.29398812917863	2L/0R
1799	saying	12.683578968067579	2L/0R
1800	##s	13.082106968695962	2L/0R
1801	of	11.369813432376851	2L/0R
1802	this	13.442302594393274	2L/0R
1803	book	14.982911255128572	2L/0R
1804	worship	21.967009776969284	2L/0R
1805	God	21.921463951656413	2L/0R
1806	.	2.2369207859630187	2L/0R
1807	And	12.843062401653668	2L/0R
1808	he	15.777352919403658	2L/0R
1809	sa	21.894968793478338	2L/0R
1810	##ith	13.833297498605534	2L/0R
1811	unto	17.869427709084476	2L/0R
1812	me	9.10286118858566	2L/0R
1813	Seal	27.1335468010412	2L/0R
1814	not	18.617240368321895	2L/0R
1815	the	15.687719849761827	2L/0R
1816	saying	16.275309735179565	2L/0R
1817	##s	13.082106968695962	2L/0R
1818	of	11.369813432376851	2L/0R
1819	the	9.221568286600252	2L/0R
1820	prophecy	19.659548820084023	2L/0R
1821	of	13.413360038853837	2L/0R
1822	this	11.337058739182346	2L/0R
1823	book	14.982911255128572	2L/0R
1824	for	14.001499952238332	2L/0R
1825	the	10.35415700443871	2L/0R
1826	time	15.981609967486358	2L/0R
1827	is	14.79081141898688	2L/0R
1828	at	10.169991549514108	2L/0R
1829	hand	18.127269704773223	2L/0R
1830	.	0.6197224552969893	2L/0R
1831	He	15.27269097271291	2L/0R
1832	that	14.066029090491211	2L/0R
1833	is	14.160305263199707	2L/0R
1834	un	21.396024985304308	2L/0R
1835	##ju	15.62313775970718	2L/0R
1836	##st	3.473213640206472	2L/0R
1837	let	23.682290265316706	2L/0R
1838	him	7.475452307032392	2L/0R
1839	be	11.286624603441044	2L/0R
1840	un	17.37956905905529	2L/0R
1841	##ju	18.33038901415812	2L/0R
1842	##st	3.473213640206472	2L/0R
1843	still	22.688117841883123	2L/0R
1844	and	15.588030836093015	2L/0R
1845	he	14.355098864433861	2L/0R
1846	which	15.746359073497368	2L/0R
1847	is	6.181278481781556	2L/0R
1848	filthy	25.44344354547067	2L/0R
1849	let	20.345098519548717	2L/0R
1850	him	13.904049961854165	2L/0R
1851	be	11.286624603441044	2L/0R
1852	filthy	22.255980234886643	2L/0R
1853	still	21.069528566479537	2L/0R
1854	and	16.023514625791588	2L/0R
1855	he	14.355098864433861	2L/0R
1856	that	14.065326487810163	2L/0R
1857	is	10.805090484714578	2L/0R
1858	right	18.121292426038877	2L/0R
1859	##eous	21.802121470251162	2L/0R
1860	let	23.337743005366974	2L/0R
1861	him	7.598258376236021	2L/0R
1862	be	11.286624603441044	2L/0R
1863	right	16.61363528564614	2L/0R
1864	##eous	24.06118900655793	2L/0R
1865	still	23.7334198889907	2L/0R
1866	and	15.733096533709181	2L/0R
1867	he	14.355098864433861	2L/0R
1868	that	14.065326487810163	2L/0R
1869	is	10.805090484714578	2L/0R
1870	holy	25.616216486459365	2L/0R
1871	let	21.627540608271122	2L/0R
1872	him	10.978344254424877	2L/0R
1873	be	11.286624603441044	2L/0R
1874	holy	21.35497832130413	2L/0R
1875	still	20.769403984887955	2L/0R
1876	.	0.7529385252104364	2L/0R
1877	And	14.66991373163909	2L/0R
1878	be	18.39092803686683	2L/0R
1879	##hold	18.41843402411894	2L/0R
1880	I	17.233464520138696	2L/0R
1881	come	17.170853996047608	2L/0R
1882	quickly	20.896020244329307	2L/0R
1883	and	12.997334840357587	2L/0R
1884	my	17.556241086155485	2L/0R
1885	reward	22.08799916133371	2L/0R
1886	is	15.178174353465847	2L/0R
1887	with	11.812101273047526	2L/0R
1888	me	17.500241562568934	2L/0R
1889	to	16.633850304048377	2L/0R
1890	give	13.313795513716109	2L/0R
1891	every	18.865119217745217	2L/0R
1892	man	12.685348857735729	2L/0R
1893	according	22.928799862570095	2L/0R
1894	as	15.045485856304458	2L/0R
1895	his	19.241757059434985	2L/0R
1896	work	20.218624576727457	2L/0R
1897	shall	21.03955061222499	2L/0R
1898	be	7.599345668915574	2L/0R
1899	.	0.8375567304161068	2L/0R
1900	I	11.519228531534996	2L/0R
1901	am	16.71084297207776	2L/0R
1902	Alpha	25.666779940868384	2L/0R
1903	and	13.453242102639694	2L/0R
1904	Omega	11.51020029310228	2L/0R
1905	the	18.215457804978445	2L/0R
1906	beginning	12.48070377114999	2L/0R
1907	and	13.249572793491474	2L/0R
1908	the	15.019922585381844	2L/0R
1909	end	16.85402153466722	2L/0R
1910	the	16.252559296186593	2L/0R
1911	first	10.833752619878531	2L/0R
1912	and	13.936096921903097	2L/0R
1913	the	15.711645172492771	2L/0R
1914	last	15.102734587524631	2L/0R
1915	.	0.38221610907048076	2L/0R
1916	Blessed	25.536495333249423	2L/0R
1917	are	15.808909751834372	2L/0R
1918	they	12.02132113286733	2L/0R
1919	that	15.619271029138055	2L/0R
1920	do	13.939782844386757	2L/0R
1921	his	19.44114526598781	2L/0R
1922	command	20.781072912593448	2L/0R
1923	##ments	23.519002893459156	2L/0R
1924	that	15.151572188389075	2L/0R
1925	they	13.88442763962315	2L/0R
1926	may	7.273442863094795	2L/0R
1927	have	8.911117644833821	2L/0R
1928	right	18.058404280786288	2L/0R
1929	to	12.348110495227273	2L/0R
1930	the	10.808219651953499	2L/0R
1931	tree	18.209674673216544	2L/0R
1932	of	14.493053865504624	2L/0R
1933	life	7.756122037984949	2L/0R
1934	and	13.627245311835388	2L/0R
1935	may	15.90978999594654	2L/0R
1936	enter	17.19090320858598	2L/0R
1937	in	15.818459018135076	2L/0R
1938	through	20.482599967941063	2L/0R
1939	the	16.12064803045333	2L/0R
1940	gates	14.242166985247584	2L/0R
1941	into	19.242716108328374	2L/0R
1942	the	8.747935777242112	2L/0R
1943	city	10.909981778150966	2L/0R
1944	.	1.397190036918972	2L/0R
1945	For	20.70766179551669	2L/0R
1946	without	18.045711998034903	2L/0R
1947	are	16.07298173589201	2L/0R
1948	dogs	24.835342072956013	2L/0R
1949	and	10.984782851237462	2L/0R
1950	so	16.80672536646035	2L/0R
1951	##rcerer	26.056327283215886	2L/0R
1952	##s	11.753762019241432	2L/0R
1953	and	13.996505763889234	2L/0R
1954	whore	30.26501487211217	2L/0R
1955	##mon	23.787224151296527	2L/0R
1956	##gers	17.830154494950946	2L/0R
1957	and	12.830779458586136	2L/0R
1958	murderer	22.359934385154144	2L/0R
1959	##s	14.471499865222881	2L/0R
1960	and	14.36972876388844	2L/0R
1961	idol	30.202858884694887	2L/0R
1962	##ater	21.84558715588567	2L/0R
1963	##s	13.484199238684075	2L/0R
1964	and	12.417086923653976	2L/0R
1965	who	22.32117885357551	2L/0R
1966	##so	21.2087690343206	2L/0R
1967	##ever	13.767170402718829	2L/0R
1968	love	20.1257071281617	2L/0R
1969	##th	18.09374409116894	2L/0R
1970	and	12.553765279146889	2L/0R
1971	make	22.591002775750653	2L/0R
1972	##th	20.608144809592936	2L/0R
1973	a	13.438274584557533	2L/0R
1974	lie	21.697778335138732	2L/0R
1975	.	0.2844516453892815	2L/0R
1976	I	11.688977230960978	2L/0R
1977	Jesus	23.7978159291894	2L/0R
1978	have	17.04573605208643	2L/0R
1979	sent	15.46783101814512	2L/0R
1980	mine	15.470000714762913	2L/0R
1981	angel	22.295501279842828	2L/0R
1982	to	15.371360562508722	2L/0R
1983	testify	19.49174399089956	2L/0R
1984	unto	20.756458731045054	2L/0R
1985	you	13.587365809144154	2L/0R
1986	these	20.31169205594134	2L/0R
1987	things	16.99148606102789	2L/0R
1988	in	16.520213816311298	2L/0R
1989	the	10.692299719174288	2L/0R
1990	churches	20.438573481034673	2L/0R
1991	I	19.500562337757398	2L/0R
1992	am	16.416567694880154	2L/0R
1993	the	17.390900637668384	2L/0R
1994	root	18.31598500207419	2L/0R
1995	and	14.906897937136607	2L/0R
1996	the	14.406174195492614	2L/0R
1997	offspring	20.848790635611106	2L/0R
1998	of	10.280823028274241	2L/0R
1999	David	16.077009357923256	2L/0R
2000	and	13.481319353624865	2L/0R
2001	the	11.180170767881533	2L/0R
2002	bright	20.59613694130626	2L/0R
2003	and	13.163378266905188	2L/0R
2004	morning	15.650990961083574	2L/0R
2005	star	23.888390215744707	2L/0R
2006	.	0.5171366637593675	2L/0R
2007	And	14.591788578024	2L/0R
2008	the	14.031239354702649	2L/0R
2009	Spirit	18.972311964743575	2L/0R
2010	and	12.970971990136645	2L/0R
2011	the	10.83681547123718	2L/0R
2012	bride	25.14967769930299	2L/0R
2013	say	20.065947086042403	2L/0R
2014	Come	21.820221935876475	2L/0R
2015	And	18.099228618921483	2L/0R
2016	let	13.177335817114258	2L/0R
2017	him	4.486905311022762	2L/0R
2018	that	15.18798490524414	2L/0R
2019	hear	22.524544983633653	2L/0R
2020	##eth	15.225880745720518	2L/0R
2021	say	17.342033087089863	2L/0R
2022	Come	21.276237517188942	2L/0R
2023	And	18.099228618921483	2L/0R
2024	let	13.177335817114258	2L/0R
2025	him	4.486905311022762	2L/0R
2026	that	15.18798490524414	2L/0R
2027	is	13.850012764251986	2L/0R
2028	at	17.58284913572958	2L/0R
2029	##hir	21.385229170019908	2L/0R
2030	##st	16.597632860884	2L/0R
2031	come	21.939156163085034	2L/0R
2032	she	4.151535701209905	2L/1R
2033	##wed	8.86186118715443	2L/1R
2034	me	5.883907533404096	2L/1R
2035	a	4.782535524666765	2L/1R
2036	pure	9.162479372956557	2L/1R
2037	river	10.869827900382509	2L/1R
2038	of	3.3434915577060558	2L/1R
2039	water	4.583195386776449	2L/1R
2040	of	5.076559706874023	2L/1R
2041	life	12.96130685795319	2L/1R
2042	clear	15.820896079853341	2L/1R
2043	as	0.22855828658222085	2L/1R
2044	crystal	13.622132052937614	2L/1R
2045	proceeding	20.374868200533182	2L/1R
2046	out	3.5038080369915434	2L/1R
2047	of	0.7613400108883422	2L/1R
2048	the	0.43085839408257304	2L/1R
2049	throne	12.430197805038137	2L/1R
2050	of	0.04702801532303703	2L/1R
2051	God	5.447348021158685	2L/1R
2052	and	0.8504800123644983	2L/1R
2053	of	3.4291497118187912	2L/1R
2054	the	3.5408477082268424	2L/1R
2055	Lamb	12.792926977605264	2L/1R
2056	.	2.3306748073146024	2L/1R
2057	In	3.9343840191142703	2L/1R
2058	the	1.7505193238746264	2L/1R
2059	midst	10.268604518439968	2L/1R
2060	of	0.03512710945302389	2L/1R
2061	the	0.19563772954878875	2L/1R
2062	street	14.01436301845843	2L/1R
2063	of	8.195756895113197	2L/1R
2064	it	9.518328531025556	2L/1R
2065	and	5.185578398884011	2L/1R
2066	on	8.732237035557135	2L/1R
2067	either	2.116169721255598	2L/1R
2068	side	0.031019511601793757	2L/1R
2069	of	0.22140275706270948	2L/1R
2070	the	0.15018746900540805	2L/1R
2071	river	10.74385971240839	2L/1R
2072	was	6.400742727301102	2L/1R
2073	there	9.068447390577994	2L/1R
2074	the	3.1552426196455183	2L/1R
2075	tree	9.120332530275844	2L/1R
2076	of	0.019703239461992518	2L/1R
2077	life	5.675237802440741	2L/1R
2078	which	13.061046901951023	2L/1R
2079	bare	16.879050262322934	2L/1R
2080	twelve	17.968610251983584	2L/1R
2081	manner	16.94900569383759	2L/1R
2082	of	3.0486813975525693	2L/1R
2083	fruits	14.403694093137661	2L/1R
2084	and	6.791307649113563	2L/1R
2085	yielded	15.46901686538263	2L/1R
2086	her	9.971429694508267	2L/1R
2087	fruit	11.25512162248767	2L/1R
2088	every	7.993636765005682	2L/1R
2089	month	4.3408707692309685	2L/1R
2090	and	6.323705856536153	2L/1R
2091	the	7.325706423526217	2L/1R
2092	leaves	14.255488759443454	2L/1R
2093	of	0.5027962383585759	2L/1R
2094	the	1.4517826125134576	2L/1R
2095	tree	12.869513488684383	2L/1R
2096	were	12.313608690943315	2L/1R
2097	for	5.21027801891999	2L/1R
2098	the	3.289084499765072	2L/1R
2099	healing	12.968744378267493	2L/1R
2100	of	1.828954107221007	2L/1R
2101	the	2.3825271538811754	2L/1R
2102	nations	13.79150217027179	2L/1R
2103	.	0.7741187346563039	2L/1R
2104	And	2.4842560145389303	2L/1R
2105	there	7.7949124079268675	2L/1R
2106	shall	8.296044692462	2L/1R
2107	be	0.0370413516006812	2L/1R
2108	no	0.5235557485715628	2L/1R
2109	more	2.3957075100179055	2L/1R
2110	curse	16.81790727826851	2L/1R
2111	but	10.07249617393603	2L/1R
2112	the	1.4483020633334027	2L/1R
2113	throne	13.97723074536165	2L/1R
2114	of	0.04702801532303703	2L/1R
2115	God	5.447348021158685	2L/1R
2116	and	0.8504800123644983	2L/1R
2117	of	3.4291497118187912	2L/1R
2118	the	3.5408477082268424	2L/1R
2119	Lamb	14.269893738554831	2L/1R
2120	shall	1.8248676008320586	2L/1R
2121	be	1.8623133732512187	2L/1R
2122	in	3.338487722717628	2L/1R
2123	it	6.774366989316735	2L/1R
2124	and	7.175084559550466	2L/1R
2125	his	5.1581376872495746	2L/1R
2126	servants	8.946200035326056	2L/1R
2127	shall	6.234159318824744	2L/1R
2128	serve	5.190005153309838	2L/1R
2129	him	4.133891717832383	2L/1R
2130	.	0.2622000841160849	2L/1R
2131	And	3.590784796320739	2L/1R
2132	they	5.944760930640648	2L/1R
2133	shall	7.882373384271602	2L/1R
2134	see	8.359262679154467	2L/1R
2135	his	2.0585246328292555	2L/1R
2136	face	1.6494298071384093	2L/1R
2137	and	3.5375350467798965	2L/1R
2138	his	4.738239774195824	2L/1R
2139	name	4.877149734922014	2L/1R
2140	shall	5.605032614119193	2L/1R
2141	be	1.3063291806691926	2L/1R
2142	in	3.1386313451430743	2L/1R
2143	their	6.884664185707401	2L/1R
2144	forehead	7.129814412202899	2L/1R
2145	##s	0.46038820223459564	2L/1R
2146	.	0.48205289858218375	2L/1R
2147	And	6.061216908790745	2L/1R
2148	there	7.7949124079268675	2L/1R
2149	shall	8.296044692462	2L/1R
2150	be	0.0370413516006812	2L/1R
2151	no	7.898664493148764	2L/1R
2152	night	10.207956630237405	2L/1R
2153	there	7.982439360249531	2L/1R
2154	and	5.202991219041555	2L/1R
2155	they	6.5692866245801405	2L/1R
2156	need	7.0446933975232815	2L/1R
2157	no	6.787307554281608	2L/1R
2158	candle	15.35206371762359	2L/1R
2159	neither	13.751078298780339	2L/1R
2160	light	6.84341800526798	2L/1R
2161	of	4.022081119565036	2L/1R
2162	the	0.11402282704548222	2L/1R
2163	sun	18.103588967692602	2L/1R
2164	for	7.875328685248305	2L/1R
2165	the	0.9351043185006721	2L/1R
2166	Lord	3.913885161102638	2L/1R
2167	God	9.280025830523584	2L/1R
2168	give	10.70091372644326	2L/1R
2169	##th	8.4680702031138	2L/1R
2170	them	8.461239740684853	2L/1R
2171	light	11.493539503507112	2L/1R
2172	and	3.998090880441342	2L/1R
2173	they	11.48660201598071	2L/1R
2174	shall	1.5246146266053353	2L/1R
2175	reign	10.44280101391493	2L/1R
2176	for	0.11661632113638752	2L/1R
2177	ever	11.02252973975031	2L/1R
2178	and	0.18957516394158716	2L/1R
2179	ever	0.8664836606735109	2L/1R
2180	.	0.7919908957486917	2L/1R
2181	And	4.976316024841317	2L/1R
2182	he	1.6163222033958469	2L/1R
2183	said	4.389793266192339	2L/1R
2184	unto	10.164994834994044	2L/1R
2185	me	2.0265715968701055	2L/1R
2186	These	16.750250982898148	2L/1R
2187	saying	10.506549954363207	2L/1R
2188	##s	0.0018682528053299559	2L/1R
2189	are	2.350765096229503	2L/1R
2190	faithful	15.261176573294412	2L/1R
2191	and	0.5701549012786016	2L/1R
2192	true	5.10194512831261	2L/1R
2193	and	7.486081851385424	2L/1R
2194	the	7.238228646555889	2L/1R
2195	Lord	3.876645981647299	2L/1R
2196	God	7.052241617975324	2L/1R
2197	of	1.113902687193251	2L/1R
2198	the	0.23744105080171493	2L/1R
2199	holy	6.5361958980023305	2L/1R
2200	prophet	5.596480935695493	2L/1R
2201	##s	0.5680983297158014	2L/1R
2202	sent	15.524117921844946	2L/1R
2203	his	5.105932102466047	2L/1R
2204	angel	12.696998025261289	2L/1R
2205	to	8.883936414459454	2L/1R
2206	she	6.285776496281141	2L/1R
2207	##w	6.440297218164302	2L/1R
2208	unto	11.328622311505415	2L/1R
2209	his	2.628083670457497	2L/1R
2210	servants	9.931332574055833	2L/1R
2211	the	7.589372807773347	2L/1R
2212	things	5.588438196934135	2L/1R
2213	which	5.79969733022152	2L/1R
2214	must	13.551075729959798	2L/1R
2215	shortly	15.080348120904217	2L/1R
2216	be	0.0077975740339324695	2L/1R
2217	done	3.9076260948825925	2L/1R
2218	.	1.849562867042382	2L/1R
2219	Be	0.7508822060380502	2L/1R
2220	##hold	5.948511567182573	2L/1R
2221	I	6.691283937675126	2L/1R
2222	come	7.265895523873722	2L/1R
2223	quickly	12.972143261156512	2L/1R
2224	blessed	13.135564355929057	2L/1R
2225	is	6.680661121408079	2L/1R
2226	he	4.662256159752706	2L/1R
2227	that	10.148385620583465	2L/1R
2228	keep	8.921587901574856	2L/1R
2229	##eth	11.13188177553381	2L/1R
2230	the	3.026029080131908	2L/1R
2231	saying	10.796011331061077	2L/1R
2232	##s	0.23427189739549362	2L/1R
2233	of	1.5814468189435995	2L/1R
2234	the	1.5114112014622545	2L/1R
2235	prophecy	17.460389030450308	2L/1R
2236	of	2.729422639523388	2L/1R
2237	this	4.146855521687058	2L/1R
2238	book	8.830186906275994	2L/1R
2239	.	0.7767665829813671	2L/1R
2240	And	3.4280150300325896	2L/1R
2241	I	9.382187305790586	2L/1R
2242	John	17.795804706035593	2L/1R
2243	saw	7.779753059769932	2L/1R
2244	these	2.938445703873163	2L/1R
2245	things	4.265677067969372	2L/1R
2246	and	9.038403348477882	2L/1R
2247	heard	10.064110274219521	2L/1R
2248	them	6.508575379897259	2L/1R
2249	And	16.53673682234837	2L/1R
2250	when	6.986657389704631	2L/1R
2251	I	3.3805553124766696	2L/1R
2252	had	2.9797550296678987	2L/1R
2253	heard	9.992134356586995	2L/1R
2254	and	0.6637322234768946	2L/1R
2255	seen	4.969426141213836	2L/1R
2256	I	4.654329461718776	2L/1R
2257	fell	4.244617985973038	2L/1R
2258	down	3.678645340425577	2L/1R
2259	to	0.9198779746020181	2L/1R
2260	worship	14.982294441166342	2L/1R
2261	before	8.476412919739715	2L/1R
2262	the	2.6830284193136866	2L/1R
2263	feet	12.999730528354094	2L/1R
2264	of	1.8512371701130244	2L/1R
2265	the	1.546947824538287	2L/1R
2266	angel	16.875627958021827	2L/1R
2267	which	8.064311032144591	2L/1R
2268	she	2.54941610271709	2L/1R
2269	##wed	16.25816078186914	2L/1R
2270	me	5.4065091418498215	2L/1R
2271	these	4.930607598609953	2L/1R
2272	things	2.5498200046011505	2L/1R
2273	.	0.6721839683905574	2L/1R
2274	Then	9.13206552127457	2L/1R
2275	sa	7.002849555141763	2L/1R
2276	##ith	1.7552449425111687	2L/1R
2277	he	9.192040611866243	2L/1R
2278	unto	13.262197815259356	2L/1R
2279	me	4.721888196803541	2L/1R
2280	See	14.8969293038129	2L/1R
2281	thou	13.14712088413766	2L/1R
2282	do	3.0993865108815966	2L/1R
2283	it	7.460740355104141	2L/1R
2284	not	8.059277150249393	2L/1R
2285	for	8.021956784679967	2L/1R
2286	I	1.1859975138946999	2L/1R
2287	am	1.8547670242101422	2L/1R
2288	thy	10.965336861909355	2L/1R
2289	fellows	14.605271463616376	2L/1R
2290	##er	8.963649114035622	2L/1R
2291	##vant	8.040645895879507	2L/1R
2292	and	10.981492297904351	2L/1R
2293	of	8.038316011462017	2L/1R
2294	thy	12.828135116059332	2L/1R
2295	br	10.557573794177282	2L/1R
2296	##eth	0.0019388587914118648	2L/1R
2297	##ren	1.3119901814302148	2L/1R
2298	the	4.006985881391003	2L/1R
2299	prophet	9.172914457072705	2L/1R
2300	##s	1.7380801281765383	2L/1R
2301	and	6.816355987182554	2L/1R
2302	of	7.4040589584277745	2L/1R
2303	them	6.043373569893975	2L/1R
2304	which	8.133491901216548	2L/1R
2305	keep	9.505595562566588	2L/1R
2306	the	5.466280786299201	2L/1R
2307	saying	11.987588241174523	2L/1R
2308	##s	0.23427189739549362	2L/1R
2309	of	2.8448643095524426	2L/1R
2310	this	3.3431932877429458	2L/1R
2311	book	10.20735643859835	2L/1R
2312	worship	13.085670621954657	2L/1R
2313	God	14.100969056142102	2L/1R
2314	.	0.8202301348794259	2L/1R
2315	And	5.1478144656477935	2L/1R
2316	he	4.213804867108979	2L/1R
2317	sa	2.2193024527936625	2L/1R
2318	##ith	0.5383407066633455	2L/1R
2319	unto	4.671707197577496	2L/1R
2320	me	11.037662608700895	2L/1R
2321	Seal	19.760943158744308	2L/1R
2322	not	11.836973984190054	2L/1R
2323	the	9.052005446551686	2L/1R
2324	saying	12.033978690434148	2L/1R
2325	##s	0.23427189739549362	2L/1R
2326	of	1.5814468189435995	2L/1R
2327	the	1.5114112014622545	2L/1R
2328	prophecy	17.460389030450308	2L/1R
2329	of	2.729422639523388	2L/1R
2330	this	4.146855521687058	2L/1R
2331	book	8.06229519160648	2L/1R
2332	for	8.15780601564841	2L/1R
2333	the	4.880863983884363	2L/1R
2334	time	8.460946409125706	2L/1R
2335	is	1.7103389037510315	2L/1R
2336	at	1.4209431864330393	2L/1R
2337	hand	11.550254492125804	2L/1R
2338	.	0.09756333105552945	2L/1R
2339	He	9.487887330163199	2L/1R
2340	that	6.173518040465915	2L/1R
2341	is	3.2419173142559257	2L/1R
2342	un	12.305034729427236	2L/1R
2343	##ju	0.10667958046822255	2L/1R
2344	##st	0.1122507787480844	2L/1R
2345	let	11.79578843407893	2L/1R
2346	him	3.415050684675663	2L/1R
2347	be	3.8047970786348775	2L/1R
2348	un	11.243690558320168	2L/1R
2349	##ju	0.13146782089084982	2L/1R
2350	##st	0.06588065775478541	2L/1R
2351	still	14.836538269030495	2L/1R
2352	and	7.023653518054303	2L/1R
2353	he	12.239464396406943	2L/1R
2354	which	6.246202693636335	2L/1R
2355	is	0.3548763734344995	2L/1R
2356	filthy	21.19740958370755	2L/1R
2357	let	14.40676014616179	2L/1R
2358	him	4.413538245882452	2L/1R
2359	be	0.7446389919629762	2L/1R
2360	filthy	15.50123696469824	2L/1R
2361	still	11.866128753139941	2L/1R
2362	and	5.685434871615531	2L/1R
2363	he	12.001352675548105	2L/1R
2364	that	5.340028053536108	2L/1R
2365	is	4.671336165194473	2L/1R
2366	right	0.0885990512274752	2L/1R
2367	##eous	15.064450761044013	2L/1R
2368	let	14.770879165334744	2L/1R
2369	him	3.8789659696818823	2L/1R
2370	be	0.556699520245447	2L/1R
2371	right	5.747576089750775	2L/1R
2372	##eous	12.885221095283189	2L/1R
2373	still	19.9401159208309	2L/1R
2374	and	6.83545699855587	2L/1R
2375	he	12.001352675548105	2L/1R
2376	that	5.340028053536108	2L/1R
2377	is	0.2585024620884425	2L/1R
2378	holy	21.909656070502752	2L/1R
2379	let	14.595736237972805	2L/1R
2380	him	4.585273478867742	2L/1R
2381	be	0.3900148978662923	2L/1R
2382	holy	15.337696711010702	2L/1R
2383	still	6.665179117165469	2L/1R
2384	.	0.45002255180757705	2L/1R
2385	And	5.836514160331305	2L/1R
2386	be	0.05494272914674075	2L/1R
2387	##hold	6.218263099659351	2L/1R
2388	I	6.441164179425014	2L/1R
2389	come	7.265895523873722	2L/1R
2390	quickly	9.584866623579224	2L/1R
2391	and	7.365427659862176	2L/1R
2392	my	15.620133181603892	2L/1R
2393	reward	11.295211501243989	2L/1R
2394	is	5.025808103542275	2L/1R
2395	with	3.6389043740401936	2L/1R
2396	me	13.047858914165364	2L/1R
2397	to	2.4029165451242127	2L/1R
2398	give	7.928627659423836	2L/1R
2399	every	6.380473593340498	2L/1R
2400	man	10.9242354136903	2L/1R
2401	according	16.119259691657156	2L/1R
2402	as	11.093807868865577	2L/1R
2403	his	6.27244562287846	2L/1R
2404	work	7.5368110484520905	2L/1R
2405	shall	3.1405725140474368	2L/1R
2406	be	5.526360138414475	2L/1R
2407	.	4.710084684843322	2L/1R
2408	I	0.4825889139814661	2L/1R
2409	am	0.4325173420121856	2L/1R
2410	Alpha	13.110885908385058	2L/1R
2411	and	1.3620866557335076	2L/1R
2412	Omega	0.9385257984799898	2L/1R
2413	the	4.147067655391244	2L/1R
2414	beginning	12.71281041033683	2L/1R
2415	and	2.9238961943100836	2L/1R
2416	the	1.1926243418975135	2L/1R
2417	end	10.798571066973956	2L/1R
2418	the	7.308654114590851	2L/1R
2419	first	12.227492211149876	2L/1R
2420	and	2.124357687083769	2L/1R
2421	the	1.1919173326689532	2L/1R
2422	last	7.932555463291912	2L/1R
2423	.	5.826628916278942	2L/1R
2424	Blessed	11.113601032299977	2L/1R
2425	are	0.8968210638408229	2L/1R
2426	they	3.5586165301487895	2L/1R
2427	that	4.8145897684693475	2L/1R
2428	do	10.461080401453842	2L/1R
2429	his	10.778592097517128	2L/1R
2430	command	0.7873382751014926	2L/1R
2431	##ments	16.840203943074318	2L/1R
2432	that	7.49746740802596	2L/1R
2433	they	5.123917492859748	2L/1R
2434	may	3.9985613946969782	2L/1R
2435	have	8.418667226501142	2L/1R
2436	right	11.88983326135526	2L/1R
2437	to	1.8576090123669253	2L/1R
2438	the	0.7150704492444079	2L/1R
2439	tree	15.685990628279432	2L/1R
2440	of	0.019703239461992518	2L/1R
2441	life	3.593465263579171	2L/1R
2442	and	4.973207436165031	2L/1R
2443	may	13.217483825941672	2L/1R
2444	enter	9.886175503175991	2L/1R
2445	in	8.718128394730916	2L/1R
2446	through	7.180173106196675	2L/1R
2447	the	0.1704310308896729	2L/1R
2448	gates	7.099686590078024	2L/1R
2449	into	8.036724472327716	2L/1R
2450	the	0.10764479324792368	2L/1R
2451	city	8.948250712669697	2L/1R
2452	.	1.6827612986726945	2L/1R
2453	For	11.610195777189615	2L/1R
2454	without	14.65955724162524	2L/1R
2455	are	8.529777061523232	2L/1R
2456	dogs	16.747888699431122	2L/1R
2457	and	3.2323911776752925	2L/1R
2458	so	0.12741754534099087	2L/1R
2459	##rcerer	6.360457468782652	2L/1R
2460	##s	0.4168494993815225	2L/1R
2461	and	2.8863455738475134	2L/1R
2462	whore	15.475736525313817	2L/1R
2463	##mon	0.0021705051317819266	2L/1R
2464	##gers	0.6974179680512591	2L/1R
2465	and	2.2024119872012973	2L/1R
2466	murderer	10.375656657267001	2L/1R
2467	##s	2.036256250064639	2L/1R
2468	and	2.1791782031359643	2L/1R
2469	idol	5.801610715375893	2L/1R
2470	##ater	6.730860619276942	2L/1R
2471	##s	0.3091420951585156	2L/1R
2472	and	6.846375608745931	2L/1R
2473	who	13.024433538524894	2L/1R
2474	##so	0.013971283611418481	2L/1R
2475	##ever	1.5268686425975915	2L/1R
2476	love	9.936309182584308	2L/1R
2477	##th	10.062904067387779	2L/1R
2478	and	5.893598243367542	2L/1R
2479	make	13.683499141355822	2L/1R
2480	##th	11.764471142055186	2L/1R
2481	a	2.3640412563363054	2L/1R
2482	lie	9.494793573397926	2L/1R
2483	.	2.227154474406468	2L/1R
2484	I	9.187170019721814	2L/1R
2485	Jesus	19.924808792547417	2L/1R
2486	have	5.609430717584612	2L/1R
2487	sent	8.181713417650352	2L/1R
2488	mine	11.865243902487487	2L/1R
2489	angel	19.114573029729467	2L/1R
2490	to	1.5231644460558333	2L/1R
2491	testify	13.372598037252535	2L/1R
2492	unto	10.199609468408859	2L/1R
2493	you	3.7268979125862227	2L/1R
2494	these	4.443035733899091	2L/1R
2495	things	4.838496257042658	2L/1R
2496	in	4.513034773191624	2L/1R
2497	the	0.999627705601195	2L/1R
2498	churches	16.343304231729793	2L/1R
2499	I	5.297891586787924	2L/1R
2500	am	7.938495638877696	2L/1R
2501	the	1.7186629286109503	2L/1R
2502	root	13.80995727995367	2L/1R
2503	and	4.661106690663361	2L/1R
2504	the	7.271323175838539	2L/1R
2505	offspring	13.237092869170745	2L/1R
2506	of	0.28036782067188115	2L/1R
2507	David	6.730091882802547	2L/1R
2508	and	2.046091850355803	2L/1R
2509	the	3.5226463745381515	2L/1R
2510	bright	14.726764135899174	2L/1R
2511	and	10.276400294511173	2L/1R
2512	morning	13.279761587707165	2L/1R
2513	star	11.136862394518696	2L/1R
2514	.	0.30186785805963307	2L/1R
2515	And	7.180352290866731	2L/1R
2516	the	1.5350845029493898	2L/1R
2517	Spirit	13.355030452772025	2L/1R
2518	and	2.6499146528317468	2L/1R
2519	the	2.32075949473812	2L/1R
2520	bride	14.877408312356684	2L/1R
2521	say	11.343017889288983	2L/1R
2522	Come	12.806941234112774	2L/1R
2523	And	9.233601815195547	2L/1R
2524	let	8.405823035494686	2L/1R
2525	him	4.360035587424957	2L/1R
2526	that	10.709394144615173	2L/1R
2527	hear	7.476301062526103	2L/1R
2528	##eth	9.703453279945228	2L/1R
2529	say	9.763939371820246	2L/1R
2530	Come	16.099439943812893	2L/1R
2531	And	9.233601815195547	2L/1R
2532	let	8.405823035494686	2L/1R
2533	him	4.360035587424957	2L/1R
2534	that	4.631443050889449	2L/1R
2535	is	9.703317879131333	2L/1R
2536	at	10.576499340940334	2L/1R
2537	##hir	9.873898492021427	2L/1R
2538	##st	6.370249853905899	2L/1R
2539	she	5.876893572561284	2L/2R
2540	##wed	7.064266436837699	2L/2R
2541	me	8.617636930390963	2L/2R
2542	a	0.6449532971893502	2L/2R
2543	pure	7.84958068668836	2L/2R
2544	river	6.2852661735639686	2L/2R
2545	of	3.2848787046159416	2L/2R
2546	water	3.8671990709464317	2L/2R
2547	of	5.165561549102182	2L/2R
2548	life	9.956337023413752	2L/2R
2549	clear	10.619449099028845	2L/2R
2550	as	2.5832141959465758	2L/2R
2551	crystal	12.520268697420116	2L/2R
2552	proceeding	18.942292956296047	2L/2R
2553	out	2.208557369769983	2L/2R
2554	of	1.2777583208872154	2L/2R
2555	the	0.31227822510671893	2L/2R
2556	throne	12.579021441807598	2L/2R
2557	of	0.01661110155572492	2L/2R
2558	God	5.938268226112989	2L/2R
2559	and	1.0002663397181855	2L/2R
2560	of	5.501233921841156	2L/2R
2561	the	4.668966768029715	2L/2R
2562	Lamb	11.830384294734596	2L/2R
2563	.	4.861107806405613	2L/2R
2564	In	0.4974484702487689	2L/2R
2565	the	0.01106356342692942	2L/2R
2566	midst	7.728836647087384	2L/2R
2567	of	0.007392318875803776	2L/2R
2568	the	0.23123273080322046	2L/2R
2569	street	14.465459156786999	2L/2R
2570	of	7.464722843290324	2L/2R
2571	it	7.8339871323364605	2L/2R
2572	and	6.917983372325044	2L/2R
2573	on	1.2136842014943325	2L/2R
2574	either	1.5188810315349979	2L/2R
2575	side	0.03928390200686094	2L/2R
2576	of	0.03849872759855655	2L/2R
2577	the	0.050149250127057406	2L/2R
2578	river	10.666390384113795	2L/2R
2579	was	4.9185240386869244	2L/2R
2580	there	9.844338507695868	2L/2R
2581	the	1.2122117972613264	2L/2R
2582	tree	6.234421105354387	2L/2R
2583	of	0.07584352932477244	2L/2R
2584	life	6.2624500927333875	2L/2R
2585	which	9.682879046534008	2L/2R
2586	bare	15.055498196479984	2L/2R
2587	twelve	17.76161989882374	2L/2R
2588	manner	14.968077740541501	2L/2R
2589	of	2.4435234142738547	2L/2R
2590	fruits	13.786240745601141	2L/2R
2591	and	7.543649595948891	2L/2R
2592	yielded	16.09398040395906	2L/2R
2593	her	8.595190015441865	2L/2R
2594	fruit	9.610627171451357	2L/2R
2595	every	2.663895566925291	2L/2R
2596	month	4.860383232250721	2L/2R
2597	and	6.807903328465045	2L/2R
2598	the	5.4249762504337316	2L/2R
2599	leaves	12.234789386293242	2L/2R
2600	of	0.0784474041630639	2L/2R
2601	the	0.40750121699793446	2L/2R
2602	tree	14.13884994187801	2L/2R
2603	were	13.299557424303847	2L/2R
2604	for	2.016734541596852	2L/2R
2605	the	0.06841186425701834	2L/2R
2606	healing	13.808421737816706	2L/2R
2607	of	0.11449184977044921	2L/2R
2608	the	2.554331647679539	2L/2R
2609	nations	13.589579186670305	2L/2R
2610	.	0.5129898606302241	2L/2R
2611	And	1.4965710497437192	2L/2R
2612	there	6.0978069879959	2L/2R
2613	shall	8.029110868531749	2L/2R
2614	be	0.01334026799613563	2L/2R
2615	no	0.46087207952590353	2L/2R
2616	more	3.7991432909527663	2L/2R
2617	curse	16.034851789594395	2L/2R
2618	but	11.917328246400498	2L/2R
2619	the	0.6551189828945216	2L/2R
2620	throne	13.346875684143827	2L/2R
2621	of	0.01661110155572492	2L/2R
2622	God	5.938268226112989	2L/2R
2623	and	1.0002663397181855	2L/2R
2624	of	5.501233921841156	2L/2R
2625	the	0.24311429732246376	2L/2R
2626	Lamb	13.490554303829567	2L/2R
2627	shall	3.0535503104861377	2L/2R
2628	be	2.1021423603190206	2L/2R
2629	in	2.363277924760178	2L/2R
2630	it	5.968473614188248	2L/2R
2631	and	7.4632928363588755	2L/2R
2632	his	4.095373278969114	2L/2R
2633	servants	8.698724308532032	2L/2R
2634	shall	6.079089297424594	2L/2R
2635	serve	4.698569254758748	2L/2R
2636	him	3.246051038480111	2L/2R
2637	.	0.27511544707752916	2L/2R
2638	And	1.3269646600047946	2L/2R
2639	they	6.684721885764719	2L/2R
2640	shall	8.901086992134772	2L/2R
2641	see	2.826963406725745	2L/2R
2642	his	1.6286357119057966	2L/2R
2643	face	2.706502811895749	2L/2R
2644	and	3.6554022978042107	2L/2R
2645	his	3.4631771313697777	2L/2R
2646	name	3.4849899713935346	2L/2R
2647	shall	7.2662690329249875	2L/2R
2648	be	1.3688000701341665	2L/2R
2649	in	4.834278256710961	2L/2R
2650	their	1.4021729385513972	2L/2R
2651	forehead	7.308908576768425	2L/2R
2652	##s	0.5014670232784835	2L/2R
2653	.	0.4593028201302163	2L/2R
2654	And	2.259151589374676	2L/2R
2655	there	6.0978069879959	2L/2R
2656	shall	8.029110868531749	2L/2R
2657	be	0.09931198446013757	2L/2R
2658	no	6.520915218357462	2L/2R
2659	night	10.971314706861305	2L/2R
2660	there	7.8181322547033325	2L/2R
2661	and	6.12144929028777	2L/2R
2662	they	5.370207617379461	2L/2R
2663	need	7.036015186769951	2L/2R
2664	no	3.2622872315410487	2L/2R
2665	candle	10.56872583457218	2L/2R
2666	neither	13.484936295664516	2L/2R
2667	light	5.790090515527661	2L/2R
2668	of	4.101592171557857	2L/2R
2669	the	0.08324361816461769	2L/2R
2670	sun	17.27284202591896	2L/2R
2671	for	6.455718008404345	2L/2R
2672	the	0.518791951929075	2L/2R
2673	Lord	3.615472337178218	2L/2R
2674	God	4.233308436180736	2L/2R
2675	give	5.792232863474961	2L/2R
2676	##th	7.90885374753284	2L/2R
2677	them	7.740205024605975	2L/2R
2678	light	12.584439639234713	2L/2R
2679	and	4.734350761925553	2L/2R
2680	they	12.500817719471844	2L/2R
2681	shall	1.4843044923019937	2L/2R
2682	reign	6.830364417059666	2L/2R
2683	for	0.1142375402955651	2L/2R
2684	ever	0.6430113359511102	2L/2R
2685	and	0.5726912484834069	2L/2R
2686	ever	1.3026470984450618	2L/2R
2687	.	0.28628165141065964	2L/2R
2688	And	4.021201924785406	2L/2R
2689	he	1.8491925781241816	2L/2R
2690	said	3.647203013848418	2L/2R
2691	unto	5.009515120341367	2L/2R
2692	me	2.0242447245679784	2L/2R
2693	These	9.348422483422592	2L/2R
2694	saying	10.090621517158805	2L/2R
2695	##s	0.004894233397679348	2L/2R
2696	are	3.467771079444051	2L/2R
2697	faithful	8.98374785866144	2L/2R
2698	and	0.23848153498163205	2L/2R
2699	true	5.544719693013531	2L/2R
2700	and	10.322131672215116	2L/2R
2701	the	5.6790898511012315	2L/2R
2702	Lord	4.656716945920316	2L/2R
2703	God	6.572731152120967	2L/2R
2704	of	0.526665714930973	2L/2R
2705	the	0.3286686395618809	2L/2R
2706	holy	6.7636958248691466	2L/2R
2707	prophet	3.2183928528029986	2L/2R
2708	##s	1.1807687205346158	2L/2R
2709	sent	10.62821857078817	2L/2R
2710	his	4.729689558072849	2L/2R
2711	angel	13.244350370151036	2L/2R
2712	to	3.9118375815698196	2L/2R
2713	she	3.537857231776985	2L/2R
2714	##w	5.383333604624405	2L/2R
2715	unto	8.72988236329777	2L/2R
2716	his	3.0247632132316116	2L/2R
2717	servants	8.753021708508754	2L/2R
2718	the	9.81117243677629	2L/2R
2719	things	4.694139195946058	2L/2R
2720	which	8.294658487484547	2L/2R
2721	must	5.0866760256141745	2L/2R
2722	shortly	14.46881298780544	2L/2R
2723	be	0.008065443787355405	2L/2R
2724	done	3.9483295282401856	2L/2R
2725	.	2.9177568954527064	2L/2R
2726	Be	0.568942419616006	2L/2R
2727	##hold	5.975954696594666	2L/2R
2728	I	4.51007611085964	2L/2R
2729	come	11.820635284393033	2L/2R
2730	quickly	13.678376552947181	2L/2R
2731	blessed	15.83765661828168	2L/2R
2732	is	4.399112866506298	2L/2R
2733	he	5.831441110962202	2L/2R
2734	that	4.335427501409315	2L/2R
2735	keep	8.050766915308907	2L/2R
2736	##eth	14.678436554412167	2L/2R
2737	the	2.0521102879836857	2L/2R
2738	saying	9.086808257195376	2L/2R
2739	##s	0.16545613519012423	2L/2R
2740	of	1.281960107773664	2L/2R
2741	the	0.4212846887979392	2L/2R
2742	prophecy	15.999158046687477	2L/2R
2743	of	2.3615766811502863	2L/2R
2744	this	3.9600732488554407	2L/2R
2745	book	9.405936737259243	2L/2R
2746	.	0.8484807748855324	2L/2R
2747	And	10.013622710806148	2L/2R
2748	I	12.137325094184888	2L/2R
2749	John	17.02066438903024	2L/2R
2750	saw	7.949938140337598	2L/2R
2751	these	2.0785879641723954	2L/2R
2752	things	3.5040561889675756	2L/2R
2753	and	6.316299541246969	2L/2R
2754	heard	10.012418417183639	2L/2R
2755	them	5.913517104666173	2L/2R
2756	And	15.954399629704271	2L/2R
2757	when	5.49510538270032	2L/2R
2758	I	3.268099093805313	2L/2R
2759	had	2.893266949494008	2L/2R
2760	heard	1.5864114510012004	2L/2R
2761	and	0.9304789379615854	2L/2R
2762	seen	4.83217762296203	2L/2R
2763	I	5.645361317629001	2L/2R
2764	fell	8.00624883044542	2L/2R
2765	down	4.136743457494506	2L/2R
2766	to	0.8249781913264187	2L/2R
2767	worship	15.680470372774002	2L/2R
2768	before	9.753668209102065	2L/2R
2769	the	0.08152241926909241	2L/2R
2770	feet	11.560972422577057	2L/2R
2771	of	0.03154826362313791	2L/2R
2772	the	1.2889462345839595	2L/2R
2773	angel	16.670009228383663	2L/2R
2774	which	8.671580359236412	2L/2R
2775	she	2.7106797145874006	2L/2R
2776	##wed	16.100124613202233	2L/2R
2777	me	6.189709816080994	2L/2R
2778	these	4.717534668964031	2L/2R
2779	things	2.8275886679485502	2L/2R
2780	.	0.9340433911557395	2L/2R
2781	Then	8.413225481937014	2L/2R
2782	sa	3.798399817913001	2L/2R
2783	##ith	0.11205253179993624	2L/2R
2784	he	9.517325824336053	2L/2R
2785	unto	11.66598919874859	2L/2R
2786	me	2.3731548018747066	2L/2R
2787	See	17.736021088052855	2L/2R
2788	thou	15.382437924798577	2L/2R
2789	do	3.937745148035089	2L/2R
2790	it	4.10639174401519	2L/2R
2791	not	8.580112967600074	2L/2R
2792	for	9.185978829629247	2L/2R
2793	I	0.09539055028031894	2L/2R
2794	am	2.4088261495325525	2L/2R
2795	thy	10.091982005717568	2L/2R
2796	fellows	16.555370904798714	2L/2R
2797	##er	13.386177381779985	2L/2R
2798	##vant	8.011267819714066	2L/2R
2799	and	8.436495655066672	2L/2R
2800	of	8.26242399657458	2L/2R
2801	thy	5.285355668746675	2L/2R
2802	br	1.0834947690639991e-05	2L/2R
2803	##eth	0.0023808274432412548	2L/2R
2804	##ren	0.06898535155964025	2L/2R
2805	the	5.9861926149595925	2L/2R
2806	prophet	9.885596618453151	2L/2R
2807	##s	1.7946595487239358	2L/2R
2808	and	9.778002898089825	2L/2R
2809	of	6.708056618423205	2L/2R
2810	them	6.176446942578458	2L/2R
2811	which	9.43420887329048	2L/2R
2812	keep	9.355110633326518	2L/2R
2813	the	2.2104895380885816	2L/2R
2814	saying	11.047521164932679	2L/2R
2815	##s	0.8856229913506457	2L/2R
2816	of	2.561015301841144	2L/2R
2817	this	6.767407071834325	2L/2R
2818	book	11.68241294275659	2L/2R
2819	worship	11.11377613705353	2L/2R
2820	God	13.285654061064292	2L/2R
2821	.	0.7138526096272575	2L/2R
2822	And	3.7042180360028434	2L/2R
2823	he	3.581737134540073	2L/2R
2824	sa	0.19503811176358285	2L/2R
2825	##ith	0.48102743228931466	2L/2R
2826	unto	4.536646259199216	2L/2R
2827	me	8.232326424712959	2L/2R
2828	Seal	20.954566770955676	2L/2R
2829	not	10.639764677021764	2L/2R
2830	the	4.236929197091454	2L/2R
2831	saying	9.619356362559717	2L/2R
2832	##s	0.16545613519012423	2L/2R
2833	of	1.281960107773664	2L/2R
2834	the	0.4212846887979392	2L/2R
2835	prophecy	15.999158046687477	2L/2R
2836	of	2.3615766811502863	2L/2R
2837	this	3.7968600879866203	2L/2R
2838	book	8.73507969037445	2L/2R
2839	for	6.137763817174491	2L/2R
2840	the	2.132987430019995	2L/2R
2841	time	6.40763980379884	2L/2R
2842	is	1.3708109389707333	2L/2R
2843	at	0.10055548564025987	2L/2R
2844	hand	13.330513467253292	2L/2R
2845	.	1.2402126723580724	2L/2R
2846	He	8.66782328071288	2L/2R
2847	that	5.373401405902137	2L/2R
2848	is	1.9962256228164499	2L/2R
2849	un	0.20071995971561782	2L/2R
2850	##ju	0.1734737206133243	2L/2R
2851	##st	0.060241099874619806	2L/2R
2852	let	6.991852326754597	2L/2R
2853	him	3.604116431983716	2L/2R
2854	be	0.9484297546793156	2L/2R
2855	un	4.1401078242526435	2L/2R
2856	##ju	0.06826868582118	2L/2R
2857	##st	0.09109325095237605	2L/2R
2858	still	12.602798422642696	2L/2R
2859	and	8.330548718299958	2L/2R
2860	he	9.704384066831544	2L/2R
2861	which	7.692821708681318	2L/2R
2862	is	0.7157278409382324	2L/2R
2863	filthy	19.681645448836658	2L/2R
2864	let	12.43519135229128	2L/2R
2865	him	3.8087107607547717	2L/2R
2866	be	0.48993187076271477	2L/2R
2867	filthy	15.694193039092557	2L/2R
2868	still	12.584633836319517	2L/2R
2869	and	7.593353553637238	2L/2R
2870	he	9.86339306583062	2L/2R
2871	that	9.623919400929452	2L/2R
2872	is	0.7405684822308389	2L/2R
2873	right	0.11063306929874094	2L/2R
2874	##eous	15.034124933368336	2L/2R
2875	let	10.195718879244145	2L/2R
2876	him	2.523803241019731	2L/2R
2877	be	0.18207999681954268	2L/2R
2878	right	6.632882973758764	2L/2R
2879	##eous	10.18278356686641	2L/2R
2880	still	15.216926031685269	2L/2R
2881	and	7.969736155308672	2L/2R
2882	he	9.86339306583062	2L/2R
2883	that	3.7745713020021046	2L/2R
2884	is	0.8669173808952866	2L/2R
2885	holy	16.115425788358063	2L/2R
2886	let	9.00607775233141	2L/2R
2887	him	4.63278976975925	2L/2R
2888	be	1.5545944545608148	2L/2R
2889	holy	15.992478545300484	2L/2R
2890	still	7.3635854659426005	2L/2R
2891	.	0.7173799839857473	2L/2R
2892	And	1.4556224849378903	2L/2R
2893	be	0.10399749400355186	2L/2R
2894	##hold	5.1517621849755475	2L/2R
2895	I	5.064611367087445	2L/2R
2896	come	7.7520332388390045	2L/2R
2897	quickly	9.78473215272642	2L/2R
2898	and	4.91146940008405	2L/2R
2899	my	12.145125055412255	2L/2R
2900	reward	10.437905623128861	2L/2R
2901	is	1.5377660989282087	2L/2R
2902	with	4.865804647096999	2L/2R
2903	me	6.436327621970538	2L/2R
2904	to	2.051316678044234	2L/2R
2905	give	7.0961661349898595	2L/2R
2906	every	4.261470830446683	2L/2R
2907	man	10.918953043229344	2L/2R
2908	according	15.154350214430702	2L/2R
2909	as	12.599844855553796	2L/2R
2910	his	5.252188295109544	2L/2R
2911	work	6.992565118606524	2L/2R
2912	shall	6.184406794494763	2L/2R
2913	be	6.334395821599514	2L/2R
2914	.	4.738220122294794	2L/2R
2915	I	0.03006311839035593	2L/2R
2916	am	0.3751119749154499	2L/2R
2917	Alpha	0.020600187793376443	2L/2R
2918	and	1.3938649085286663	2L/2R
2919	Omega	2.9362394128374354	2L/2R
2920	the	3.212360135727527	2L/2R
2921	beginning	13.551266621346201	2L/2R
2922	and	1.4648571868358937	2L/2R
2923	the	0.4133288892427103	2L/2R
2924	end	8.499377879970586	2L/2R
2925	the	8.105147829010333	2L/2R
2926	first	8.161586136402827	2L/2R
2927	and	1.2163798422437586	2L/2R
2928	the	0.887915143592331	2L/2R
2929	last	8.716979774694524	2L/2R
2930	.	1.5585728355764512	2L/2R
2931	Blessed	9.972947310766456	2L/2R
2932	are	0.6902813588064891	2L/2R
2933	they	3.7691644965740623	2L/2R
2934	that	6.789530193900747	2L/2R
2935	do	6.843738817956673	2L/2R
2936	his	7.168677870996962	2L/2R
2937	command	0.643789311571512	2L/2R
2938	##ments	15.717716947047641	2L/2R
2939	that	4.619367987317378	2L/2R
2940	they	3.7969673569346485	2L/2R
2941	may	4.139041110994434	2L/2R
2942	have	1.7311607773732403	2L/2R
2943	right	14.801810228559217	2L/2R
2944	to	1.8504451263060016	2L/2R
2945	the	0.22761655442302864	2L/2R
2946	tree	8.693333875533305	2L/2R
2947	of	0.1050237091931217	2L/2R
2948	life	4.589955143852344	2L/2R
2949	and	6.3346968327498505	2L/2R
2950	may	13.224483051642055	2L/2R
2951	enter	5.038074780361911	2L/2R
2952	in	8.962889952702719	2L/2R
2953	through	1.5110552852302699	2L/2R
2954	the	0.1265240640778874	2L/2R
2955	gates	7.567548578763287	2L/2R
2956	into	6.83956734409022	2L/2R
2957	the	0.04890421565489291	2L/2R
2958	city	8.849715038408972	2L/2R
2959	.	2.287942843287651	2L/2R
2960	For	10.287966255500448	2L/2R
2961	without	14.992263332200556	2L/2R
2962	are	7.774047854613354	2L/2R
2963	dogs	14.797172056584689	2L/2R
2964	and	2.1670026243801614	2L/2R
2965	so	0.003295508993934725	2L/2R
2966	##rcerer	3.05476095542214	2L/2R
2967	##s	2.04980678077659	2L/2R
2968	and	1.206518633608207	2L/2R
2969	whore	12.1991536054144	2L/2R
2970	##mon	0.0045902885063633546	2L/2R
2971	##gers	9.65978654376734	2L/2R
2972	and	0.5912122379950834	2L/2R
2973	murderer	11.619639478465805	2L/2R
2974	##s	1.9990707331154525	2L/2R
2975	and	1.4119802523084255	2L/2R
2976	idol	2.1293684115455958	2L/2R
2977	##ater	7.616880179696685	2L/2R
2978	##s	1.7172282843893993	2L/2R
2979	and	4.508131249512189	2L/2R
2980	who	5.403635623151307	2L/2R
2981	##so	0.06328640746196375	2L/2R
2982	##ever	0.5930857963794733	2L/2R
2983	love	11.27848229720343	2L/2R
2984	##th	13.02568939950804	2L/2R
2985	and	2.912337753588911	2L/2R
2986	make	12.280383904036526	2L/2R
2987	##th	18.751834120191766	2L/2R
2988	a	1.3148553464024295	2L/2R
2989	lie	8.658902817082115	2L/2R
2990	.	5.754548118200605	2L/2R
2991	I	8.173688640964128	2L/2R
2992	Jesus	24.53271101045466	2L/2R
2993	have	6.589793877929351	2L/2R
2994	sent	7.714593971065594	2L/2R
2995	mine	13.544209874711488	2L/2R
2996	angel	17.098265888805603	2L/2R
2997	to	4.217926616197679	2L/2R
2998	testify	12.295746993531171	2L/2R
2999	unto	6.4891644965266595	2L/2R
3000	you	3.5964018851306556	2L/2R
3001	these	4.342758212204628	2L/2R
3002	things	5.472165448565347	2L/2R
3003	in	2.7600924005364185	2L/2R
3004	the	0.5353058161916094	2L/2R
3005	churches	16.195673576666923	2L/2R
3006	I	1.3474767648583452	2L/2R
3007	am	2.990878217289611	2L/2R
3008	the	0.7085107070464974	2L/2R
3009	root	13.649792684096518	2L/2R
3010	and	4.727916160377776	2L/2R
3011	the	3.789419463589684	2L/2R
3012	offspring	14.783745706286538	2L/2R
3013	of	0.1917311077388689	2L/2R
3014	David	6.9759908930049725	2L/2R
3015	and	1.5848497275056208	2L/2R
3016	the	4.652048344289847	2L/2R
3017	bright	18.36767036026261	2L/2R
3018	and	10.845073293723999	2L/2R
3019	morning	12.5258336136085	2L/2R
3020	star	9.89036411606854	2L/2R
3021	.	0.49908993858871065	2L/2R
3022	And	6.600804884234738	2L/2R
3023	the	1.9990464993797779	2L/2R
3024	Spirit	12.708334505939163	2L/2R
3025	and	7.6856402470356375	2L/2R
3026	the	0.2340278365576441	2L/2R
3027	bride	15.57354596481052	2L/2R
3028	say	12.931397842998862	2L/2R
3029	Come	10.991916800514717	2L/2R
3030	And	8.279191818984177	2L/2R
3031	let	7.176793620156509	2L/2R
3032	him	7.756221381863418	2L/2R
3033	that	8.298615268949215	2L/2R
3034	hear	3.566020752186358	2L/2R
3035	##eth	7.1752744739008545	2L/2R
3036	say	10.32594149129906	2L/2R
3037	Come	13.841325600814704	2L/2R
3038	And	8.279191818984177	2L/2R
3039	let	7.176793620156509	2L/2R
3040	him	3.2842798936605013	2L/2R
3041	that	4.774410379439738	2L/2R
3042	is	4.015373196800175	2L/2R
3043	at	10.918868500222034	2L/2R
3044	##hir	5.181635587654184	2L/2R
